Date,AAPL,AMZN,KO
2019-01-03,-0.09960706147249998,-0.025241497784936007,-0.006179368343082525
2019-01-04,0.04268944866496649,0.05006399867375011,0.01994018039986334
2019-01-07,-0.0022260266821215735,0.03435341415874271,-0.013033654288411856
2019-01-08,0.019063199767831662,0.01661235994563981,0.011288865422095729
2019-01-09,0.01698168350799545,0.0017143547179709895,-0.019166053164138552
2019-01-10,0.0031961729187230947,-0.0019284287379283116,0.010736606267699678
2019-01-11,-0.009818109632202532,-0.009455231305329326,0.005735876291639741
2019-01-14,-0.01503702568497256,-0.014232985793521946,-0.00401325153665455
2019-01-15,0.020466872817934023,0.035462313843586335,0.008907717974300455
2019-01-16,0.012216421721084059,0.005505997778829874,-0.013664018834170677
2019-01-17,0.005937861240727926,0.005606434395265758,0.0029835136874560853
2019-01-18,0.006159410841443114,0.0017598946424279838,0.011687120300795328
2019-01-22,-0.022446183243744255,-0.03774908655967102,0.0023108090754153654
2019-01-23,0.004044179101757139,0.004809570602366753,0.011525476233332776
2019-01-24,-0.007926223264262622,0.009091336230296898,-0.012015831006928934
2019-01-25,0.03313695119670146,0.009450615167288179,-0.006709946112065435
2019-01-28,-0.009254549732612527,-0.019562216712664893,-0.004222057603331164
2019-01-29,-0.010364709037275377,-0.02686994204251958,0.004875855096073911
2019-01-30,0.06833475596262328,0.04802744720961405,0.009704578172995859
2019-01-31,0.007201191897563852,0.02891472167185971,0.005641565397983106
2019-02-01,0.00048076790080608944,-0.05381880772938674,0.011843045990428402
2019-02-04,0.028404877868788425,0.004353581897566405,0.011293637457924888
2019-02-05,0.017109475294652343,0.015612487224473615,0.00020292421186174359
2019-02-06,0.000344644245739989,-0.011182689786027766,0.0
2019-02-07,-0.018939608624126802,-0.015784110453143985,0.0032479997932857163
2019-02-08,0.0011750160983057256,-0.016198209157239574,0.0016187866285222174
2019-02-11,-0.005750738080500861,0.0017503863887402549,0.0022223118764628236
2019-02-12,0.008617357151594618,0.029547382710171766,0.0010077008160165324
2019-02-13,-0.004154980379619033,0.001214920135908626,0.002617914881175576
2019-02-14,0.003643461203608256,-0.010579272014338836,-0.08435434585146928
2019-02-15,-0.0022251049034222037,-0.009059262479477748,-0.007676959446156761
2019-02-19,0.0029925941180590776,0.012208075244112715,-0.009062690823234854
2019-02-20,0.006435412573106092,-0.0033668938325457365,0.006022673802822842
2019-02-21,-0.0056385964583387516,-0.0016398893947140447,0.01685118959162435
2019-02-22,0.011165824494188126,0.0074841032295558385,-0.012647185212904755
2019-02-25,0.007284635837213171,0.0008825736547322105,-0.007508802710241236
2019-02-26,0.0005736347592539826,0.00208203509820426,-0.005562869123146408
2019-02-27,0.0030975022652928175,0.0028660116253622636,0.0055939877448474284
2019-02-28,-0.009835618887939379,-0.0007677325817357916,0.008900903128745252
2019-03-01,0.01051089724269949,0.019453250691601864,0.000882276323252329
2019-03-04,0.005029475263953698,0.014619586796095208,0.005949777018768643
2019-03-05,-0.0018195842645517546,-0.0022050158240090045,-0.0010954041962643046
2019-03-06,-0.005754027224632918,-0.013873495481994347,-0.003289238751973844
2019-03-07,-0.011574655331157091,-0.02576471998369667,-0.003740743383902956
2019-03-08,0.0023766633344073362,-0.0031673752931026256,-0.009717028912632042
2019-03-11,0.03464263010506374,0.030737873720530162,0.029884066255684516
2019-03-12,0.011235335489328646,0.0014844854239022265,-0.002815097988581594
2019-03-13,0.004421988598936721,0.010585118161452245,0.0036915277764804078
2019-03-14,0.011116314748344402,-0.002714673150861824,-0.0026190357940906184
2019-03-15,0.013008664957417704,0.015502120161135613,-0.008752726479534956
2019-03-18,0.01020848116385098,0.017397066258948213,0.0024282776345170287
2019-03-19,-0.007924922722901684,0.011307873960989534,0.0033033535434372485
2019-03-20,0.008738547532813445,0.02010391063581385,-0.0006584954653585662
2019-03-21,0.036830416031064184,0.012235166707998735,-0.00043950923284752363
2019-03-22,-0.020708481399909884,-0.029951683771010984,0.00922878057851606
2019-03-25,-0.012091205727081333,0.005377413721055602,0.002177366303797612
2019-03-26,-0.010331543144532884,0.0053544138654035844,0.013252189083583277
2019-03-27,0.008994085023721565,-0.01012467867973188,-0.000643247362709154
2019-03-28,0.0013264885606507626,0.00437213503435796,-0.0006436613962047533
2019-03-29,0.006517520606256877,0.004133266392968293,0.006011437929712926
2019-04-01,0.006791414093243242,0.018778657625842854,-0.0029876653877906056
2019-04-02,0.01453651132160183,-0.00011581671050930886,-0.003210728966325904
2019-04-03,0.006855341330552545,0.003704629310371743,-0.008374597611390144
2019-04-04,0.0017401613673331262,-0.0010106317894359451,0.006496547878615644
2019-04-05,0.006694239959710524,0.010127196283313822,-0.00021521624739440082
2019-04-08,0.015736361318636316,0.0068470544892456076,0.001721351538111593
2019-04-09,-0.002998966135281611,-0.007578913297284662,0.0025778707847292637
2019-04-10,0.005614211702407834,0.006258726672734749,-0.0006427406895598287
2019-04-11,-0.008324027633495934,-0.001764730856449126,0.0015008794157018723
2019-04-12,-0.0004023960363672696,-0.0005476903050044557,0.0006423765248642077
2019-04-15,0.0018102392032530723,0.0009820611162909554,0.005562634186657256
2019-04-16,0.00010021960233519422,0.009848939749589336,-0.0010638054610778713
2019-04-17,0.019473343622466777,0.0009553942674214166,0.007028630169181538
2019-04-18,0.0035937365505327445,-0.001678383384266291,0.004230206190111607
2019-04-22,0.00328657225736273,0.01376167016316665,-0.0016848264720374928
2019-04-23,0.01442325492273322,0.019318479950358514,0.017088197069173194
2019-04-24,-0.0015422676660737933,-0.01144625325368731,-0.004770452221830701
2019-04-25,-0.009075056814973226,0.00026293177839042947,-0.002918196545647511
2019-04-26,-0.004773885232838615,0.02543302552920257,0.00877957535887064
2019-04-29,0.0015172909886782548,-0.006254395751948416,0.003315190994942263
2019-04-30,-0.019256349554650387,-0.006144196629405907,0.013217935760496013
2019-05-01,0.0490855413816238,-0.007786060129541195,-0.009580205384760343
2019-05-02,-0.006507502924009589,-0.005597598276473326,-0.0041159792030398545
2019-05-03,0.012431236771359933,0.03242811755501673,0.0068194703021109415
2019-05-06,-0.015442859530869879,-0.006068961956673058,-0.005131335063426334
2019-05-07,-0.026956796374730918,-0.015149504925400126,-0.009696821169105307
2019-05-08,0.0001969304105442493,-0.0016814851400369646,-0.0031248382489194038
2019-05-09,-0.010743956646129038,-0.009333722778829934,-0.009404355078170834
2019-05-10,-0.013853575349200398,-0.005205610992477072,0.016666577930509963
2019-05-13,-0.05811950384503728,-0.035608819608768605,-0.0029051186882064206
2019-05-14,0.01583025304271879,0.009568262041155462,0.013319443518778673
2019-05-15,0.011979373397024595,0.01686309695084587,0.010063634296891388
2019-05-16,-0.004399669261804462,0.01946395630546416,0.00813337856104046
2019-05-17,-0.005682011187218117,-0.020219492921261684,-0.007664504030633124
2019-05-20,-0.03126987030117245,-0.005366456690264809,-0.007113747889545996
2019-05-21,0.01917118950846919,-0.0007800247985996211,-0.005117768714477777
2019-05-22,-0.020471908251849524,0.0011628591845380676,0.021604984141644135
2019-05-23,-0.01706943348535994,-0.02376751975512159,0.0040281055976418845
2019-05-24,-0.003840749833299517,0.004296377605180091,-0.004814264243544031
2019-05-28,-0.004134763968060562,0.007212290050219838,-0.01028019587723894
2019-05-29,-0.004769211683548047,-0.009387773958249856,-0.009979777427639225
2019-05-30,0.00518670679542943,-0.001577639243082074,0.013166092065346024
2019-05-31,-0.0181154476012666,-0.022710755340790256,-0.002436545694000314
2019-06-03,-0.010110348106893707,-0.04640947352034053,0.017301086481166017
2019-06-04,0.036584127982290715,0.02178187690076805,0.00040002904236957626
2019-06-05,0.016143360008079366,0.005169016882808464,0.01560020262354156
2019-06-06,0.014681739771108093,0.009122798271355315,0.012209302973207548
2019-06-07,0.026616831793784934,0.02831229113708922,0.0017513732310190377
2019-06-10,0.012779551657244648,0.03137422141504986,-0.002136524444373067
2019-06-11,0.01157933705046843,0.001649933470424525,-0.0009732037015615091
2019-06-12,-0.0031825698420848703,-0.004496418192190821,0.006039537405070572
2019-06-13,-0.00020606897041663963,0.008074084887562893,-0.002147001839709506
2019-06-14,-0.007262325764449629,-0.00033686328637261287,0.003520481863210634
2019-06-17,0.00596678582371557,0.008750215966301989,-0.00857545137575011
2019-06-18,0.02351845907527883,0.008133468756305495,-0.004521291154871987
2019-06-19,-0.0029226280083134437,0.0039024725343070887,0.009478734403352007
2019-06-20,0.008035496196784786,0.004924598579345574,0.010563258057320946
2019-06-21,-0.003409271338915887,-0.0035919036198248655,-0.002129129408712793
2019-06-24,-0.0010061571270426617,0.0013603018897809793,0.007177400159363856
2019-06-25,-0.015157519483396054,-0.01861645619625707,-0.0030814899719566746
2019-06-26,0.021629103077492884,0.010413885939478895,-0.01236489373796934
2019-06-27,-0.0003003061467465873,0.0033985604479442877,-0.0007824917120488051
2019-06-28,-0.00911186515940754,-0.005592597818778633,-0.003132248893510936
2019-07-01,0.018341021708470295,0.015082077541072714,0.013354182250078894
2019-07-02,0.005854270361431935,0.006305337412949363,0.00736431183281705
2019-07-03,0.008286890891807452,0.0024246069203848197,0.0023088028121927007
2019-07-05,-0.0008804462879612451,0.002016536782024403,0.00019167391071950313
2019-07-08,-0.02061410573879352,0.004843221049465329,-0.0021108259429846177
2019-07-09,0.0060994304237880215,0.018429393240526393,-0.007884454981922473
2019-07-10,0.009888569784961332,0.014640624938845548,0.0044581063036288615
2019-07-11,-0.007282299711767304,-0.008099507325226352,0.004245610190864113
2019-07-12,0.007683003698029989,0.0049624026209122984,0.0015372332936740563
2019-07-15,0.009394776680782257,0.004967642414728024,0.0001916003658712917
2019-07-16,-0.003459937818582337,-0.0054873776497271765,0.00019197776436996605
2019-07-17,-0.005623427861361607,-0.008891002112726198,0.0007671012276351252
2019-07-18,0.011359791420280319,-0.007093314974038978,-0.0028745901111022487
2019-07-19,-0.014927687516712362,-0.006764737761974726,-0.012300646701498774
2019-07-22,0.02285425466758051,0.010745666804249376,-0.003308180397445404
2019-07-23,0.007817701717140135,0.004462067812825987,0.06071863366932351
2019-07-24,-0.000814036139735852,0.003168672237739978,-0.01012319015464147
2019-07-25,-0.007907224952938718,-0.013489486526910066,-0.013201953359252894
2019-07-26,0.0034778404252584494,-0.015589116785757695,0.020727234860934418
2019-07-29,0.009338703162828255,-0.015748424764873037,-0.0033229933959362246
2019-07-30,-0.004292263253505402,-0.007278612913047322,-0.005000908827235473
2019-07-31,0.020404046926094654,-0.01672348135049362,-0.0202902289635839
2019-08-01,-0.021639110765747538,-0.006138892274227259,-0.011400373433353095
2019-08-02,-0.021158069352994247,-0.01729077783786115,0.005765837382391892
2019-08-05,-0.05234775068222608,-0.03187185710749196,-0.01299428083005516
2019-08-06,0.018930261514129354,0.01286026675758456,0.012003703709585922
2019-08-07,0.010355452822730093,0.0031154615501278737,0.017409802124320306
2019-08-08,0.02205582273118778,0.022019656560675394,0.009589918229474526
2019-08-09,-0.008240415193187078,-0.013808825620453047,-0.0050288513428699
2019-08-12,-0.0025374075792201634,-0.0125360496687702,-0.004118367691992586
2019-08-13,0.04234837932167834,0.022085030397553274,0.005639113761731096
2019-08-14,-0.029765116515298784,-0.033645045853565536,-0.009532559666258766
2019-08-15,-0.004981394442235221,0.007464685662255555,0.0166067395059164
2019-08-16,0.023594529335411174,0.009261785673171152,0.010024176639015892
2019-08-19,0.018644367445144416,0.013137538159314621,0.005146079610652166
2019-08-20,4.728620445115794e-05,-0.008116198419710674,-0.014810698634006303
2019-08-21,0.010838693799013255,0.012301698764070057,0.004083127004112619
2019-08-22,-0.0008465598159732579,-0.010353490725939274,0.007208988359462598
2019-08-23,-0.04622039025402436,-0.030498806969126657,-0.013764030254481807
2019-08-26,0.018999125057611366,0.011002318967479496,0.014886450594409517
2019-08-27,-0.011283896421405926,-0.003979912470737479,0.0033002916282736106
2019-08-28,0.006710359864881443,0.0013735967509673763,0.007126991968178453
2019-08-29,0.01693189221620428,0.012554889043934425,-0.0010884058493294546
2019-08-30,-0.0012916687590229792,-0.005659435682760394,-0.00018187312377171416
2019-09-03,-0.014563746378924214,0.007628234940805445,0.004723678273731213
2019-09-04,0.016966558899747852,0.006022901313268436,0.008499480854463837
2019-09-05,0.01955147735731244,0.022270161635782326,-0.011654965278264262
2019-09-06,-9.35674579443102e-05,-0.003916990505865581,0.001995400435549577
2019-09-09,0.004266987062205629,-0.0011780869502403535,-0.012855353392843938
2019-09-10,0.011812954172526924,-0.005897299060526495,-0.002200922624737034
2019-09-11,0.03179527529525705,0.0013402724765312346,0.006801378370778766
2019-09-12,-0.002236305287703244,0.011278173776551048,0.006207653901912691
2019-09-13,-0.019453983790585494,-0.0022835833039022146,-0.00822505158822806
2019-09-16,0.005257212691841762,-0.01712575737502442,-0.0055288690728446666
2019-09-17,0.003637944378426683,0.008136828085409498,0.00518898280622726
2019-09-18,0.009379187645100373,-0.0027928049815375555,-0.00018427666470299808
2019-09-19,-0.008124870944923979,0.002222836785043869,0.005347537370521183
2019-09-20,-0.014618010399889303,-0.015009572450642827,-0.011188491890819718
2019-09-23,0.004546942827109879,-0.004938252915601793,0.004266215335112067
2019-09-24,-0.004755036127041645,-0.024472096150627953,0.0029555352378285438
2019-09-25,0.015389485264355907,0.015342109540061655,-0.0023942120877873396
2019-09-26,-0.005157555945094372,-0.01611124135996367,0.004061303215541878
2019-09-27,-0.004866153141234841,-0.008270849128875435,-0.001470935547632668
2019-09-30,0.02353539044842945,0.006062217161457495,0.002393613809944295
2019-10-01,0.0027681007922959466,-0.00014978297291068365,0.003857640333102763
2019-10-02,-0.025067741874642446,-0.01291737598591125,-0.028728262203694066
2019-10-03,0.008494670159802098,0.0065315416415505645,0.014317951099800608
2019-10-04,0.028031828185319352,0.008831925999802426,0.013001489225741958
2019-10-07,0.000220254544313514,-0.00401799145160453,-0.012284516631983933
2019-10-08,-0.011715141131206752,-0.01566961490022023,-0.005383273391440735
2019-10-09,0.011720266809142288,0.009662859223618092,0.004665743693194502
2019-10-10,0.013478432848940347,-0.0010046756673366408,-0.003158076528117504
2019-10-11,0.026598293283738084,0.006778047269550891,-0.0067089397042899845
2019-10-14,-0.00143942327426283,0.002604069615361304,0.0
2019-10-15,-0.0023316592567503847,0.017823932579885904,0.00393990754425344
2019-10-16,-0.004037120924885618,0.005686324313618707,-0.0003735011693638546
2019-10-17,0.003882855251132522,0.005654258700535264,0.005608376924083558
2019-10-18,0.004802705972239085,-0.016766587598934568,0.018404855180063295
2019-10-21,0.01734261282881655,0.01601690499181374,-0.01004008020108793
2019-10-22,-0.0022867414332485847,-0.011161118465189634,-0.007007123384505931
2019-10-23,0.013418912190900967,-0.0020161792094772757,0.014670211745640982
2019-10-24,0.0016448070869348186,0.010560886524610735,-0.0005490182543275157
2019-10-25,0.012316407928406603,-0.010922221117825037,-0.01574795362858361
2019-10-28,0.01001704204010756,0.008942089145920873,-0.003348892709202911
2019-10-29,-0.023127852027405305,-0.008086279290598686,-0.002986822648294196
2019-10-30,-0.0001233611681612512,0.009803069503577566,0.00992325399529026
2019-10-31,0.022609416410981575,-0.0018707552680410355,0.009084226474428636
2019-11-01,0.028380926144770946,0.008318962677863917,-0.009737216040519026
2019-11-04,0.006567164069264608,0.007379573116068405,-0.014100048029670242
2019-11-05,-0.0014369047764837273,-0.0016346467664720699,-0.013549338115946052
2019-11-06,0.00042765255478327546,-0.003296920048778351,0.007249071483049985
2019-11-07,0.01154119523932029,-0.004215398090435696,-0.009659049490888583
2019-11-08,0.0027368729371182177,-0.0012974492684962868,-0.0015296815349274961
2019-11-11,0.007919014425375126,-0.007968083918385438,-0.007086949850766744
2019-11-12,-0.0009154192029355857,0.003584284648149527,-0.0025078266232931856
2019-11-13,0.0095815683649354,-0.013998865975055064,0.013537287551028454
2019-11-14,-0.006919591713570705,0.0008499299602007238,0.004197441511949007
2019-11-15,0.011879503098635613,-0.00861165809356279,0.0007600626455148696
2019-11-18,0.005042139663996359,0.007496454800304697,0.006835042996003349
2019-11-19,-0.0030326642997682285,0.00014836251405148104,0.000942972510900475
2019-11-20,-0.011641250429973882,-0.004142042998724227,0.0026375449320927835
2019-11-21,-0.004483569101914497,-0.006198694786181735,-0.004885515782189875
2019-11-22,-0.0008778756996066228,0.0063469584412145785,0.0013217607776472295
2019-11-25,0.017533743810781655,0.016107946060534006,0.0035830045753604267
2019-11-26,-0.0078087298661456694,0.013022581087476892,0.012777093943194151
2019-11-27,0.013432309700561529,0.01200372676735717,0.0009275928865195571
2019-11-29,-0.002202719065661163,-0.009738720787676458,-0.0028010939663031253
2019-12-02,-0.011562324999484952,-0.01066191775556835,0.006554430871273054
2019-12-03,-0.01783011412642055,-0.006533461163659049,0.0009301708579496637
2019-12-04,0.008826190780645726,-0.005237417464897476,0.009107709242218265
2019-12-05,0.014671438202296772,-0.011478432267733929,-0.0018421514146904627
2019-12-06,0.01931632791288007,0.006389039145533015,0.004244422326302066
2019-12-09,-0.014000336282643855,-0.0011931926776630464,-0.006431424948103115
2019-12-10,0.005844390552400824,-0.005887355634324631,-0.005548311166499453
2019-12-11,0.008529331228188664,0.005467935101741261,0.0033476707732620348
2019-12-12,0.00254859711045774,0.00663920342821922,0.0035216565435831626
2019-12-13,0.013592997633279813,0.00034646559584494696,0.005171733535377809
2019-12-16,0.01711800118266882,0.0046964185941400505,0.0
2019-12-17,0.001965029868364665,0.012123992912275838,0.0
2019-12-18,-0.002389357102622558,-0.00370251419034362,-0.009371529493839792
2019-12-19,0.0010009973068911826,0.004624344595139496,0.007605365091299943
2019-12-20,-0.0020711575971175122,-0.0032249589345579865,0.0119661177464232
2019-12-23,0.016318510821278,0.0036384504756830083,-0.0010914012564349207
2019-12-24,0.0009506228011340045,-0.00211376350409187,-0.0036424697421580943
2019-12-26,0.01984001345234887,0.04446651549531899,0.005666300852207984
2019-12-27,-0.0003792958219297482,0.0005511476895359024,0.005997793045984023
2019-12-30,0.005935020485428044,-0.012252649580489328,-0.0014453904879393464
2019-12-31,0.007306647173116909,0.0005143848474418178,0.0014474826656156736
2020-01-02,0.022816368561306755,0.02715061035487687,-0.006503988178619635
2020-01-03,-0.009722112423453777,-0.012139034655920922,-0.005455640101979742
2020-01-06,0.007968083490646816,0.01488557393050649,-0.00036561114469890743
2020-01-07,-0.004702966500207184,0.0020916204156393725,-0.007682509800406079
2020-01-08,0.016086400818263957,-0.007808640261289357,0.0018433528098544816
2020-01-09,0.02124079842099591,0.0047991747864684076,0.018215192320788498
2020-01-10,0.0022606632073551847,-0.009410596802031268,0.0034333555709751273
2020-01-13,0.02136440107892068,0.004322578245699482,0.01080494474870397
2020-01-14,-0.013503264854203278,-0.011558211718052602,-0.0023161110314432465
2020-01-15,-0.004285528622066548,-0.003969126548924895,0.01250016143601318
2020-01-16,0.012526578296917057,0.00854991102959346,0.002116201872332857
2020-01-17,0.011071001638803146,-0.00703966144232826,0.002111882766022921
2020-01-21,-0.006777002966208645,0.014629525206926841,0.004039431679218941
2020-01-22,0.00356958627900128,-0.0023995494624704516,0.007696386214594675
2020-01-23,0.004815714673681359,-0.0015259112256781338,0.0038189129014034595
2020-01-24,-0.002882087819303214,-0.012172426638861644,-0.0025940053838430233
2020-01-27,-0.029405214625103593,-0.01788746376771211,-0.0034673247970220533
2020-01-28,0.028289455031491162,0.01362436592451366,-0.008176823124695587
2020-01-29,0.020932270926534935,0.0025630978623367717,0.0
2020-01-30,-0.001449012283472828,0.006824489189870775,0.032450616080753836
2020-01-31,-0.044338743919598356,0.07379135586484753,-0.007815113884549918
2020-02-03,-0.002746292540446449,-0.0022501685803328897,0.0030821914315515286
2020-02-04,0.03301362961308296,0.022687342140775613,0.0044381968452722464
2020-02-05,0.008154520375802887,-0.004781236737139594,0.000170056862040191
2020-02-06,0.011696800525216933,0.0050787328892443195,0.0023790177416067593
2020-02-07,-0.01359272220273211,0.014169136390608683,0.0033901803478151304
2020-02-10,0.004749538703869183,0.026273579599096486,0.009461194282702534
2020-02-11,-0.006033216467264513,0.007915025985726132,-0.0026777608712833523
2020-02-12,0.023747651795240188,0.004277469597884664,-0.0030207121287256777
2020-02-13,-0.0071212343918068965,-0.00468981707537619,0.003366428563091217
2020-02-14,0.00024650943220394517,-0.006977166077050345,0.005703820146389482
2020-02-18,-0.01831048384618217,0.009742990607446878,-0.007005955754293636
2020-02-19,0.014482758823107567,0.006749650094826309,0.004031485492919762
2020-02-20,-0.010259237639147711,-0.007888626914309249,-0.0008363424460019475
2020-02-21,-0.02263471522886107,-0.026533823330561868,0.00686538696759742
2020-02-24,-0.04750040127170729,-0.04135555023463999,-0.02461331953010537
2020-02-25,-0.03387218457483199,-0.018190498951138112,-0.014151882959609008
2020-02-26,0.01586365769600273,0.003472315416060967,-0.0038050426638035484
2020-02-27,-0.06536829305696235,-0.048136265467272676,-0.04635392731534027
2020-02-28,-0.0005848923426113872,-0.0002918467224900523,-0.0262152577027035
2020-03-02,0.0931008302431362,0.03726611425327642,0.04542897142014524
2020-03-03,-0.0317591637396587,-0.023009811402324054,0.0025036696498088595
2020-03-04,0.04638442952985389,0.03501322901563819,0.051016774030020695
2020-03-05,-0.03243706200925289,-0.026216794314283476,-0.036999383514493056
2020-03-06,-0.013280111455680976,-0.011922924014239333,-0.026083800228116405
2020-03-09,-0.07909202187416176,-0.05285383245165354,-0.06152740617549801
2020-03-10,0.07202143213175871,0.05065506668458686,0.034708995854874525
2020-03-11,-0.03473051508202463,-0.03750889642974897,-0.027022100782179925
2020-03-12,-0.09875463530256401,-0.07922082514747941,-0.09672463511380269
2020-03-13,0.11980837539774059,0.06464833687376514,0.036791324521962654
2020-03-16,-0.12864700340523028,-0.053697516604298,-0.06622665047834941
2020-03-17,0.04396996361129113,0.07026613247879654,0.04242159950018243
2020-03-18,-0.024479920335994887,0.012257741060410998,-0.049385278506290264
2020-03-19,-0.007662053083806075,0.027830613766863133,-0.06733543350267213
2020-03-20,-0.06348560348814714,-0.018522798541689034,-0.08438937891070575
2020-03-23,-0.021244058965530832,0.030735291504301987,-0.01932119528527021
2020-03-24,0.10032521859807209,0.019586561347294085,0.05031958944159043
2020-03-25,-0.005508620971910627,-0.027967604900146936,0.054752986498352696
2020-03-26,0.052622884896591726,0.03693312450375408,0.064407425575993
2020-03-27,-0.04140224285772687,-0.028325389436650084,-0.03341610556249186
2020-03-30,0.028538071737439275,0.03360354691971379,0.05115605105675036
2020-03-31,-0.0020407839564642316,-0.007245622950859176,-0.016666412065007186
2020-04-01,-0.052617025539567375,-0.02155179126735396,-0.04813556976516775
2020-04-02,0.016686655960799657,0.005834205106051371,0.04344737838363644
2020-04-03,-0.014371481122080643,-0.0063788821910731874,-0.002730658975747202
2020-04-06,0.08723745829429075,0.04772922477644714,0.06479587816108334
2020-04-07,-0.011582296535281422,0.007013456003121421,-0.0034283519710832655
2020-04-08,0.025594642215577723,0.015609461784076739,0.028166144389653036
2020-04-09,0.007215936289375113,-0.00011748445832981957,0.024675948431140293
2020-04-13,0.019627999438674326,0.0617350661426328,-0.0422451325380947
2020-04-14,0.05050290924744694,0.052769449861283624,0.042403688027390585
2020-04-15,-0.009127235057071803,0.010668695718768717,-0.02677830342065579
2020-04-16,0.007945505498388128,0.043554542393708484,-0.010712240133041062
2020-04-17,-0.01356848558108914,-0.013782136130354505,0.020382227769714323
2020-04-20,-0.020756615569067383,0.007835757606907912,-0.031835117419571346
2020-04-21,-0.03091059225185211,-0.02736033095931456,-0.02471527605001511
2020-04-22,0.028803728251372673,0.015192527091639096,0.00661073922179245
2020-04-23,-0.003875580811500412,0.015214823484082762,-0.013353639531499928
2020-04-24,0.028869700244700924,0.004488511186874211,0.00798746947654605
2020-04-27,0.0007069749754020638,-0.01419786171076054,0.02971623782459054
2020-04-28,-0.016209590234282034,-0.0260606110425593,-0.0008551851345997008
2020-04-29,0.03284534315856269,0.02533616474965794,0.00812994925763233
2020-04-30,0.02109592054423115,0.042689574239964,-0.026103396846240856
2020-05-01,-0.016099223608554536,-0.07597409237648922,-0.006319465505040811
2020-05-04,0.014148933310286438,0.013101236487597756,-0.010087735199216907
2020-05-05,0.015008563546969222,0.0007815221854263754,0.005759912073308726
2020-05-06,0.010317607488931513,0.014436139090531874,-0.014317267268815437
2020-05-07,0.010344603850132694,0.006953694859791026,-0.0033519033952169597
2020-05-08,0.023801873780928018,0.005068389389295991,0.033856530885442826
2020-05-11,0.015735228646315713,0.012350743942999287,-0.012361770732172261
2020-05-12,-0.011428223627675926,-0.021606420523622827,-0.015810253253541795
2020-05-13,-0.012073777387486828,0.004654320575239401,-0.019634187823480143
2020-05-14,0.006143092784172577,0.008838926123896362,-0.00546188995962249
2020-05-15,-0.005911920291137518,0.008761547889003296,-0.010068795506356198
2020-05-18,0.023561130375903794,0.006838841203809398,0.039528427526650534
2020-05-19,-0.005778561156652984,0.009508426590011165,-0.009561713981167452
2020-05-20,0.019448238653272387,0.019846275173532213,0.030309738681984166
2020-05-21,-0.007455601016973401,-0.02049693045417056,-0.015689761333664176
2020-05-22,0.006438504146770718,-0.004029821100215103,-0.0030994601130190924
2020-05-26,-0.006773484118518858,-0.0061636144559754635,0.02354014253312009
2020-05-27,0.004356723838799148,-0.004736042347035618,0.013885791800964942
2020-05-28,0.00044029893753916305,-0.003854151605534595,0.007703999078018109
2020-05-29,-0.0009739038178535608,0.017187950901155657,-0.008707000447704671
2020-06-01,0.012297658971904823,0.011738616181262485,0.006641025414003687
2020-06-02,0.004629471137247876,0.0005543957444538172,-0.001915522607932485
2020-06-03,0.005505199520886794,0.002422733405640143,0.02132223387807297
2020-06-04,-0.008612279045882798,-0.0071820481181339435,0.00041741849245813256
2020-06-05,0.0284810398556683,0.009103493113018724,0.02441561372099299
2020-06-08,0.005912570164355202,0.016536458949464095,0.015481689848508617
2020-06-09,0.03157800610650052,0.030427139202305886,-0.017050863680821093
2020-06-10,0.025727455371119312,0.017913292558120908,-0.007755233250435589
2020-06-11,-0.04801049245391753,-0.03380230045218746,-0.06334838253533881
2020-06-12,0.008633610433313121,-0.005058743377937103,0.01041440840413066
2020-06-15,0.012367035716641439,0.01086830941079775,0.015350983116035666
2020-06-16,0.02650230741685644,0.0165547312399128,0.01015114470163092
2020-06-17,-0.0013917412625426007,0.009830663019560593,-0.004062564366977495
2020-06-18,0.00039828307152656173,0.004922484646629588,0.00880213385933315
2020-06-19,-0.005714621983038737,0.007923935918584757,-0.020642594727516395
2020-06-22,0.026163886902944355,0.014508287231048467,-0.006084316220974495
2020-06-23,0.021344797804522253,0.018641697717608263,-0.002186441740359757
2020-06-24,-0.017652196398008302,-0.010855867894827953,-0.021691363554073417
2020-06-25,0.013275371704961625,0.007380066387785211,0.006271002091082778
2020-06-26,-0.030725619288150097,-0.02240276315369638,-0.030269506707436444
2020-06-29,0.023046900029643824,-0.004638148068063508,0.01813191214042731
2020-06-30,0.00834723061527054,0.029264486024190406,0.007213537576675311
2020-07-01,-0.0018911472211824432,0.043453386195574595,0.003133583446298216
2020-07-02,0.0,0.004029609482701257,0.0013386626204665575
2020-07-06,0.026750020558658605,0.05768955229869066,0.007798581029813123
2020-07-07,-0.0031027805636124617,-0.018619371729473477,-0.00044223758914163636
2020-07-08,0.0232900842449415,0.026995584181255694,-0.0030966629754088926
2020-07-09,0.004300253159143619,0.032949191382365184,-0.025737779087130708
2020-07-10,0.0017493052066250847,0.005457748808544549,0.028239649782922704
2020-07-13,-0.00461321314388119,-0.030000019073486373,0.0022148282506078143
2020-07-14,0.016548498807998246,-0.006443299095769239,0.013701643905406291
2020-07-15,0.00687732258556939,-0.02436122126125273,0.011554416844261395
2020-07-16,-0.012304929950354149,-0.002981196241378159,-0.00538776874892366
2020-07-17,-0.0020202487614690012,-0.01264375276193297,0.01451744770686858
2020-07-20,0.02107379925267505,0.07929519957328535,-0.014950625631824588
2020-07-21,-0.013801565208489408,-0.018314900474015072,0.023417090855180733
2020-07-22,0.0028092109453576875,-0.012229630062539742,0.027118633562371652
2020-07-23,-0.045516457870646176,-0.036568799201794455,-0.004125305919455813
2020-07-24,-0.002477412260760259,0.007486874288995304,0.00434954459023329
2020-07-27,0.023700486756910166,0.015387648743417026,-0.00020625291968978665
2020-07-28,-0.01642773417078025,-0.017962780502695397,-0.006188088191011132
2020-07-29,0.01916853169592936,0.011065474265779418,-0.003320932893803863
2020-07-30,0.012100156117313077,0.006049030252796905,-0.006872007019790294
2020-07-31,0.10468866615400718,0.036960821567137314,-0.009435848917047629
2020-08-03,0.025197626504762427,-0.01668096589563972,-0.019898394902033267
2020-08-04,0.006678117221375235,0.008657119256458845,0.008423075180231443
2020-08-05,0.0036246761515339454,0.021090645909052075,0.011351581617303319
2020-08-06,0.03488929710464461,0.0062308600392182445,0.005506096180463382
2020-08-07,-0.022735799740565166,-0.017841853651889505,0.006739611196454831
2020-08-10,0.014534819099617513,-0.006093187166982039,-0.0016735795121202157
2020-08-11,-0.02973977490250357,-0.021437993092404684,0.004400762619021226
2020-08-12,0.03323416520416589,0.026478049605839216,0.010431827157175944
2020-08-13,0.017697565249676916,-0.0003858318082136103,-0.0010322833188814995
2020-08-14,-0.0008912031776431295,-0.004112558082955964,0.0014468800897584622
2020-08-17,-0.0026108317476978282,0.010924312234330102,-0.004953897244392991
2020-08-18,0.008332831248035744,0.04087466955935781,0.004355947875306132
2020-08-19,0.0012547317090154664,-0.015701145907449088,-0.021685193114950763
2020-08-20,0.02218947234728863,0.011314270642265756,-0.00042208257696230156
2020-08-21,0.05153264203108887,-0.0038364352508537536,-0.0014785306771504247
2020-08-24,0.011960152642989108,0.006923017605080961,0.014594077120131832
2020-08-25,-0.008203778576603371,0.011800549645987202,-0.0012508452157239391
2020-08-26,0.013599012207338612,0.0284955613728457,0.005218309759634998
2020-08-27,-0.011954234736885505,-0.01215915158498826,0.0014532292913957967
2020-08-28,-0.001619880307428656,0.0005293902228860059,0.03317455871933972
2020-08-31,0.03391211580943576,0.014451219151166761,-0.0060206070947264045
2020-09-01,0.03983275025417976,0.01395547583299983,-0.008277796299263618
2020-09-02,-0.020718506928223968,0.009239471142122424,0.04214175104228701
2020-09-03,-0.08006081192035641,-0.04628410915968095,-0.013869688932954927
2020-09-04,0.000661646838144847,-0.021787358799564616,0.011093262922311276
2020-09-08,-0.06729495575028033,-0.04394435952982134,-0.02409870098435185
2020-09-09,0.03988668637935011,0.03770662418145765,0.007628985766017449
2020-09-10,-0.032645825034124276,-0.02860545100214451,-0.0037854875930353193
2020-09-11,-0.01312898678053509,-0.018547317429499666,0.021199958774816396
2020-09-14,0.02999994590630717,-0.004251985314208007,0.0011844787851345018
2020-09-15,0.001560395065771658,0.017132004407634627,0.00670465061198966
2020-09-16,-0.02951351926225043,-0.024723344317983953,-0.005092877280758246
2020-09-17,-0.01596372831453008,-0.02253666798925036,-0.00472542714217572
2020-09-18,-0.031720134489591434,-0.01788790878106783,-0.001978091644717739
2020-09-21,0.03032591106921645,0.001881613182508124,-0.02695730591622314
2020-09-22,0.015715725349800147,0.05692335984779917,0.011611191172565816
2020-09-23,-0.041946055443691566,-0.04126889165142078,-0.0291987463090827
2020-09-24,0.010268829589520134,0.006643681788120581,0.010164045880871608
2020-09-25,0.03751615256461527,0.02494874307344297,0.0004106639484300345
2020-09-28,0.023868878478993105,0.025498115680328004,0.011494295909810104
2020-09-29,-0.0075679814319936645,-0.009190126805558863,-0.00730520381884614
2020-09-30,0.015075873632314662,0.0012241460404771587,0.009198724361746624
2020-10-01,0.008462204821158226,0.023034752317315554,-0.003848530634698477
2020-10-02,-0.032280279846223614,-0.02988273802333874,0.003660155424467737
2020-10-05,0.030791138185708,0.0237440429687501,0.0004050888499356198
2020-10-06,-0.02866960037213695,-0.03102028886576813,-0.008910444953018848
2020-10-07,0.01696718391463392,0.030881037106998743,0.012668489778920655
2020-10-08,-0.0009558610474204032,-0.0016084400175445657,0.018159870908052156
2020-10-09,0.01739592599521189,0.030120249141207367,0.006936120028677051
2020-10-12,0.06352052454000146,0.04754990740220588,0.005510787563092645
2020-10-13,-0.026527385597180375,0.00020333647320058823,-0.017028853996232662
2020-10-14,0.0007432490721412943,-0.023208080547411636,-0.001991089751596342
2020-10-15,-0.003960623724530876,-0.007450142689235051,-0.0025937709792124286
2020-10-16,-0.014000761994381605,-0.019750480983333984,0.0008000503566472084
2020-10-19,-0.025541834761297455,-0.020013957457728493,-0.008195141418726681
2020-10-20,0.013192019116744724,0.003055554339711275,0.012696572455150212
2020-10-21,-0.005446428972744166,-0.009968886774915697,-0.005174039395731467
2020-10-22,-0.00958328010913434,-0.0026812857408547996,0.013802630968956509
2020-10-23,-0.006133918302105301,0.008814971867029398,-0.003157040622694396
2020-10-26,8.68959842914574e-05,0.0008238907949942309,-0.014251799015742028
2020-10-27,0.013472500654532427,0.024723687101579017,0.0020079652618680832
2020-10-28,-0.04631228510862295,-0.037595069983728635,-0.038877792806415234
2020-10-29,0.03705036800375505,0.015249235849637444,0.0012510874511251213
2020-10-30,-0.05601804395124921,-0.0544564552314909,0.0008331312378542233
2020-11-02,-0.0008267471946641347,-0.010430948040659138,0.011651885074599022
2020-11-03,0.015353502461513457,0.014621516534147005,0.015014410959235835
2020-11-04,0.04083669653743294,0.06322966294024535,-0.0036474633966235848
2020-11-05,0.035493617773472375,0.024941733698923496,0.005491392765229808
2020-11-06,-0.0011358933556209205,-0.003199936061909714,0.00020217476654305067
2020-11-09,-0.019968191221129805,-0.05062255447737596,0.06309411416432131
2020-11-10,-0.0030087778239955565,-0.03458294580536425,0.02682127491077302
2020-11-11,0.03035268606468544,0.03372959332756431,-0.007409982282430616
2020-11-12,-0.0023434375054346424,-0.008640935353967705,-0.010638329151942072
2020-11-13,0.0004194051640562524,0.005957652481424658,0.008300278130603855
2020-11-16,0.008720529357659101,0.0007190451875813686,0.007483612654420435
2020-11-17,-0.007564424260041891,0.001469221257177411,-0.0031568121247945724
2020-11-18,-0.011391296046013077,-0.00963120822903818,-0.01993311888146232
2020-11-19,0.005168186465172031,0.003722494885254779,0.009884196585740135
2020-11-20,-0.010957512638030131,-0.005652814007175211,-0.008658187690669283
2020-11-23,-0.029742574945712974,-0.00032591205652088284,0.00019001252004624547
2020-11-24,0.011594172892222199,0.006348492495275249,0.01025054222765065
2020-11-25,0.007467180820956987,0.02149089105013391,-0.005449131314163691
2020-11-27,0.004826303591810799,0.003224444340751864,-0.004345452125890992
2020-11-30,0.021099593841846787,-0.008543726224847115,-0.013195520774545444
2020-12-01,0.030827588722325494,0.01642659261366375,0.008527075855443877
2020-12-02,0.002933499262518291,-0.005139620139509304,0.0013452020126967223
2020-12-03,-0.0011375735041194712,-0.005244192164348127,0.012857452526092272
2020-12-04,-0.005612479386104319,-0.007578327983446487,0.02027273004305341
2020-12-07,0.012269843315605877,-0.00144820943300783,-0.015970180196958172
2020-12-08,0.005090958989427463,0.006108347649924184,0.0035855142986627175
2020-12-09,-0.020903732735944258,-0.02300385041546993,0.0028206171060043417
2020-12-10,0.011988908414833022,-0.0008730964486967085,-0.005250419858494948
2020-12-11,-0.006734850926705005,0.004813852496939441,0.005655213719034213
2020-12-14,-0.005146688541412647,0.013011701561464806,-0.0014995354431794894
2020-12-15,0.05009041361043187,0.0025815971159888207,0.010700080973585768
2020-12-16,-0.0005474676060949202,0.023961224378619583,-0.014487258133439207
2020-12-17,0.00696348437151828,-0.0015057469987226346,0.003957794380290203
2020-12-18,-0.01585077574163518,-0.01063939440891426,0.008823078352253155
2020-12-21,0.012395377766459159,0.0014149045573290664,-0.017305666801386344
2020-12-22,0.028464384870256154,0.00010603453584812073,-0.0009468708551032545
2020-12-23,-0.00697594320281214,-0.006627122071927394,0.006065217933684197
2020-12-24,0.0077121206182437785,-0.003949415822362745,0.006782156948326179
2020-12-28,0.03576593152951757,0.03507113271672124,0.013473092264495001
2020-12-29,-0.013315029639504261,0.011583625131030173,-0.0005538399328161026
2020-12-30,-0.008526613197732291,-0.010882060864285004,0.005726969297817908
2020-12-31,-0.007702430308348829,-0.008801370623195415,0.007347331878127861
2021-01-04,-0.024719338939873325,-0.021584740620304466,-0.037928405254746944
2021-01-05,0.012363791844044902,0.010004358381754175,-0.010993051570569623
2021-01-06,-0.03366164045765241,-0.024896614147709384,-0.031813198092475736
2021-01-07,0.034123257465354495,0.0075771277744003385,-0.011084669991375584
2021-01-08,0.008630946035265818,0.006495514374673217,0.022417916614417166
2021-01-11,-0.023248441229428707,-0.021519462280005563,-0.017227766721707227
2021-01-12,-0.0013956216016854928,0.002125797051401035,-0.001792997566453014
2021-01-13,0.0162264048714853,0.014438406874172749,0.0009979719587693836
2021-01-14,-0.015126815661587023,-0.012135545173177387,-0.01854088557013356
2021-01-15,-0.013730652942550048,-0.007424600125642833,-0.010765574926738686
2021-01-19,0.00542707434787526,0.005318518294228358,-0.003901617180664063
2021-01-20,0.03285599269337092,0.04570048462239673,0.0035046120725401586
2021-01-21,0.03665856017703106,0.013363421550624865,0.005546356601593194
2021-01-22,0.01607356656696335,-0.00446331304512726,-0.009397203007703303
2021-01-25,0.02768384829142745,0.0005376354551673845,0.005980545962138928
2021-01-26,0.0016792569342318764,0.009754137082109926,0.010455049317424026
2021-01-27,-0.0076837274982702874,-0.02812581228312927,-0.015418992828210465
2021-01-28,-0.034985003588768104,0.0015591193708615059,0.01277563953848615
2021-01-29,-0.03742085446633525,-0.009704654514695155,-0.020345686774161154
2021-02-01,0.016520272898573163,0.042629902924745666,0.006853515273594679
2021-02-02,0.006336665850849688,0.011104214562255077,0.00990084728159868
2021-02-03,-0.007778276107835991,-0.019961565909300982,-0.0038805620030410992
2021-02-04,0.02575755874113006,0.005575845147329783,0.004920986963935059
2021-02-05,-0.0030981827523732797,0.006349415177487883,0.013058595647011728
2021-02-08,0.0010971543168494247,-0.008713780773966562,0.005437998482503703
2021-02-09,-0.006573675507081322,-0.00539885256244832,-0.004407063629257468
2021-02-10,-0.004558543643216728,-0.005573405440383872,-0.002012078096771064
2021-02-11,-0.0019202908868987123,-0.007439273910078148,0.014112943020931246
2021-02-12,0.001775819134820722,0.004775969497859078,0.0077534189037917756
2021-02-16,-0.016103774644613544,-0.0026726192693009576,-0.008285600303310048
2021-02-17,-0.01764423711882912,0.012141589169594624,-0.002785050786773824
2021-02-18,-0.008636120860719632,0.005920814274298136,0.012766842970063363
2021-02-19,0.001233129453224402,-0.023535055745747435,-0.012999920921408226
2021-02-22,-0.029798850826539658,-0.021280609604111933,0.01037736507327991
2021-02-23,-0.0011111504373445547,0.004326059526709614,-0.0017776883697663282
2021-02-24,-0.0040520321030194095,-0.010946968676518232,0.003363681920887318
2021-02-25,-0.03478258506349319,-0.03240038681954516,-0.01064873633611052
2021-02-26,0.002231581358843826,0.011700387973209825,-0.023519933474868138
2021-03-01,0.05385116551572122,0.017203798394717307,0.018575185376101366
2021-03-02,-0.020893687611024836,-0.016404262105025436,0.004007944499625937
2021-03-03,-0.024456539394941856,-0.02893170479822993,-0.0023951341606841536
2021-03-04,-0.01581181731904524,-0.009128157985388907,-0.0008003223017414296
2021-03-05,0.010738364381907006,0.007687481916645478,0.017020388404614284
2021-03-08,-0.041673518752311844,-0.016167463748385735,0.01673554296321833
2021-03-09,0.04064967620986715,0.03756837366056898,-0.015104373238410629
2021-03-10,-0.009166781223725162,-0.0017010173123747085,0.011403559711983924
2021-03-11,0.016502800423990216,0.018298429776605563,-0.010886261110330975
2021-03-12,-0.007625416930675422,-0.0077402727850476305,-0.0019819070337325773
2021-03-15,0.024456632818372848,-0.0025279442445658162,0.01330419078931544
2021-03-16,0.012743004594832463,0.0033034103914528767,0.0037233544598429535
2021-03-17,-0.006450562734048648,0.014188848597238346,0.0003904362396194294
2021-03-18,-0.03390499893074117,-0.03435878370750434,-0.013075703524075388
2021-03-19,-0.004480388848084771,0.015511909856343209,0.00474594051867494
2021-03-22,0.028335823890155876,0.01167821172408301,0.003739315167053281
2021-03-23,-0.006888804417488847,0.008560288075996736,0.007647149779074214
2021-03-24,-0.019993389873440237,-0.016073304438495972,0.0025295990476355
2021-03-25,0.004163424031695007,-0.013219634289670767,0.009705098448988148
2021-03-26,0.005141451223402704,0.0018941122432061253,0.01960766937546543
2021-03-29,0.001485105920628671,0.007765307334585803,0.015271539196553219
2021-03-30,-0.01227455160660973,-0.006645597502498379,-0.012998926730959814
2021-03-31,0.01876567923157646,0.01269600564306872,-0.008278532653018145
2021-04-01,0.006958609000777161,0.02162845443110406,-0.0037943812972024427
2021-04-05,0.023577287715562445,0.02079404593469847,0.005713289041319847
2021-04-06,0.0024621785501925952,-0.0009018902147276409,0.007195479497653645
2021-04-07,0.013390386637292195,0.01723733655641202,0.0016920438733378784
2021-04-08,0.01923390421529625,0.006071242952548017,-0.003002954256459245
2021-04-09,0.02025139241760332,0.02209562242522667,0.001129566881602928
2021-04-12,-0.013232903952907882,0.0021321218730274705,0.0031966238987488627
2021-04-13,0.024306642435143022,0.006098747605224553,-0.0048734838037644
2021-04-14,-0.017853310804125222,-0.01970591825597423,-0.00018834191950156676
2021-04-15,0.018707958901670763,0.013828409714570444,0.004709819258380321
2021-04-16,-0.002527748416962461,0.006022342354579324,0.006562990178922812
2021-04-19,0.005068423661723331,-0.00806900981526193,0.005961230683037
2021-04-20,-0.012830003118989741,-0.011067567276491497,0.0031482338251100916
2021-04-21,0.0029298907369224025,0.008195669633476843,0.008122575932159926
2021-04-22,-0.011685326218643377,-0.015758395892332966,-0.003113067427731653
2021-04-23,0.01803837657310159,0.00962218974677076,0.0005510892067597251
2021-04-26,0.002978085084258675,0.020389780364207244,-0.014870614048884345
2021-04-27,-0.0024497140812526075,0.0024729175512423485,-0.0014908061757343827
2021-04-28,-0.0060269255754713535,0.012017786731569835,0.00018654334197498734
2021-04-29,-0.0007487324929151828,0.0037039347600635875,0.012502315180113577
2021-04-30,-0.01513320000185614,-0.001120636171800582,-0.005160311838199205
2021-05-03,0.008215042516375837,-0.023340170719312603,0.009262737851640557
2021-05-04,-0.0353853704687459,-0.022034541333801894,-0.006240842360209831
2021-05-05,0.0019555418828842708,-0.012479432999494278,-0.002585874630631091
2021-05-06,0.012802439741119054,0.010955401769447537,0.01000005439451801
2021-05-07,0.0053273273914833386,-0.0044640578502762596,-0.0005502283455114387
2021-05-10,-0.025804480871760904,-0.03072052637375966,0.007338171612030431
2021-05-11,-0.00741042692609073,0.010474816917876772,-0.010744899083478088
2021-05-12,-0.024938425875509096,-0.022323796765424953,-0.005154536973380419
2021-05-13,0.01791974903852167,0.0030235440044839024,0.008697133786884415
2021-05-14,0.01984475128099339,0.019430851184491837,0.004035956966057741
2021-05-17,-0.00925863315432307,0.0147351540352203,-0.0016444330414385755
2021-05-18,-0.011245724197141871,-0.011653058569779051,-0.0054904224099666665
2021-05-19,-0.0012815591921738756,-0.000148514828115065,-0.0031283105839060577
2021-05-20,0.021012220282081717,0.004913709794237331,0.008860998772433293
2021-05-21,-0.01476712094901822,-0.013732853548741542,-0.0005491208206892528
2021-05-24,0.01331425439984324,0.013084215261017773,0.00329548945472502
2021-05-25,-0.0015736357480516938,0.004332851226203749,-0.00018239039360967713
2021-05-26,-0.0003939528601416553,0.0018747562447005706,0.004380401741587603
2021-05-27,-0.012376932610436153,-0.010734558114025683,0.008359116486972296
2021-05-28,-0.005347897441934091,-0.0021794289420000723,-0.00360443298130797
2021-06-01,-0.0026483179961507286,-0.0013714148069622345,-0.00018084777096449844
2021-06-02,0.006276169233175644,0.004765962837133042,0.00397973961475917
2021-06-03,-0.012154212899496475,-0.014526941142032901,0.0025225827313122284
2021-06-04,0.019022186262903418,0.006027657821926935,0.010783635217293419
2021-06-07,7.950865493144832e-05,-0.0025606925929613222,-0.003556147988970859
2021-06-08,0.006671872688216451,0.020669153552085318,-0.006959396809083196
2021-06-09,0.003077175085212547,0.005220349302289318,-0.0030548167740384047
2021-06-10,-0.008023241780974133,0.02087684594544914,0.007750557395545643
2021-06-11,0.009832680180968278,-0.0008418265339896758,0.004471495121567415
2021-06-14,0.02457795921676964,0.011067127216432215,-0.0034085924016349356
2021-06-15,-0.0064379192561558884,-0.0002186996793457352,-0.0025202690833338037
2021-06-16,0.003934189506105357,0.0094941835711142,-0.013355091133869235
2021-06-17,0.012600622423641905,0.02166464377780497,0.005121748266069037
2021-06-18,-0.01009168447123221,-0.0006706583139327593,-0.021474044483717813
2021-06-21,0.014103966408034463,-0.009446804682075038,0.01097257409957142
2021-06-22,0.012698476869817732,0.01490466106187549,0.0036791797560944417
2021-06-23,-0.002089855357733539,-0.0004621896804161141,-0.008064539470320153
2021-06-24,-0.002169154007969021,-0.015622946391951387,0.004988926382025083
2021-06-25,-0.002248606729389535,-0.013806561613952328,-0.0012869356563438572
2021-06-28,0.012545833286396357,0.012474089136242261,-0.0011046262738255708
2021-06-29,0.011500360655072095,0.0012340341405479016,-0.007371920823116773
2021-06-30,0.004621092314466058,-0.0023143032508132766,0.004641630938392538
2021-07-01,0.0022634615521359702,-0.0020900020900020966,-0.002772096478685371
2021-07-02,0.01959653983953702,0.022723749230608936,0.004077143511264536
2021-07-06,0.014718436183275063,0.04692710742205475,-0.005537029454321218
2021-07-07,0.01795506819207704,0.005669564076709488,0.008166243084045233
2021-07-08,-0.009199685035598204,0.009422227593882448,-0.003497846541552163
2021-07-09,0.013055179124922711,-0.003234704202571881,0.006096358656396905
2021-07-12,-0.004203853329813656,-0.00021234814297532711,0.00036728703727306744
2021-07-13,0.00788937100701359,-0.011076947823728367,0.009911919893041299
2021-07-14,0.02410037927536579,0.0011747744165069296,0.022537224187764826
2021-07-15,-0.004492226001990396,-0.013711143174944485,0.0031993195589310464
2021-07-16,-0.014075851138712459,-0.01585423166667732,-0.0007085889416506008
2021-07-19,-0.026914320030521965,-0.006727030092302577,-0.011879380803904493
2021-07-20,0.025973879403717426,0.0066486136498793424,0.0017943675299469941
2021-07-21,-0.005131697202258811,0.003361110852517335,0.012896203968561615
2021-07-22,0.009628571975343059,0.014735635895966048,-0.0014145642839845651
2021-07-23,0.011989143282866932,0.005115384934792466,0.009562480075477664
2021-07-26,0.002894504935808895,0.01180863619816197,0.0008771466299386521
2021-07-27,-0.014900245857688121,-0.019846876786293155,0.0035050149395823293
2021-07-28,-0.012196131523075637,0.0010837371680696428,-0.009081223212240697
2021-07-29,0.004552554781104723,-0.008373940689987869,0.005463472837669681
2021-07-30,0.0015103933210682818,-0.07564890713277761,-0.00035075454456734434
2021-08-02,-0.002330849164394855,0.0011690369463182027,-0.002630091142271307
2021-08-03,0.012644227132929897,0.01043374884144277,0.0007032498486043703
2021-08-04,-0.0027822268136925565,-0.0034222398904129037,-0.014406170420695918
2021-08-05,0.0007485696071902748,0.006340362999381677,0.007129987629739265
2021-08-06,-0.0047672476881182035,-0.009197334693852421,0.0024779649455786146
2021-08-09,-0.0003422091544328376,-0.0009177334401756498,0.0001765753055074093
2021-08-10,-0.003353846849551978,-0.006340816609805455,0.002647876081171896
2021-08-11,0.0017855569717555309,-0.008603643493863333,-0.0012324740114010302
2021-08-12,0.020773344999245547,0.003459810192938395,0.0019390328446482474
2021-08-13,0.0014106281976149493,-0.0028848279463596915,0.006861351098750745
2021-08-16,0.013547676192463776,0.0015239472057770875,0.004368378326481626
2021-08-17,-0.00615380372666241,-0.01728702615047184,-0.0034796155854599498
2021-08-18,-0.02550101071079036,-0.012566487390164305,-0.01361729200133599
2021-08-19,0.002322996611844097,-0.0042078187123096855,0.006371746054064653
2021-08-20,0.010156798443126558,0.003827154714335368,-0.00386912800737238
2021-08-23,0.0102571602011019,0.02060035500127988,-0.003531220158237258
2021-08-24,-0.0006013907974113941,0.012220318769066596,-0.007618568660381686
2021-08-25,-0.008421339534697592,-0.0019965141547840792,0.001071223959039358
2021-08-26,-0.005526898411522652,0.005098257262930783,-0.009452473076006829
2021-08-27,0.007184422567454218,0.01014175672465778,0.001980651467237138
2021-08-30,0.03041724185568695,0.021476998866989616,0.009523738842932561
2021-08-31,-0.008424810019652007,0.01438520002272603,0.0023140580449680925
2021-09-01,0.0044786118682096365,0.0023654092095504176,0.006748320811581721
2021-09-02,0.007474861809787736,-0.004564478889317991,0.0014112136415889154
2021-09-03,0.004230574497410267,0.004311086264728647,-0.0007046837863459166
2021-09-07,0.015489239140731748,0.008982024369138308,-0.01868507635615424
2021-09-08,-0.01008344471378897,0.004619174430729789,0.013472371851398934
2021-09-09,-0.006704925081831292,-0.011726004336084506,-0.009925554216787091
2021-09-10,-0.03310183193104388,-0.004308001431212238,-0.004475442763811732
2021-09-13,0.0038932812999612487,-0.0034532897607970625,0.008271814421273671
2021-09-14,-0.009562158104544638,-0.002073980962099431,0.000718680856665932
2021-09-15,0.006143804648750084,0.007475391332653958,0.0034118597486063607
2021-09-16,-0.0016104395508790281,0.0035819053548502566,-0.009484621345468236
2021-09-17,-0.018347896728684976,-0.007373319866162298,-0.01644078538624605
2021-09-20,-0.021361104368271544,-0.03084174438431353,-0.006980176805751692
2021-09-21,0.0034278634197710822,-0.0036057473697842513,-0.00018510330251053642
2021-09-22,0.016872314920607145,0.01089234819407503,0.0014802826998678853
2021-09-23,0.006719365832069224,0.01063594079605279,-0.001662661652919506
2021-09-24,0.000612976602185844,0.0027868730462519142,-0.0027759409330219142
2021-09-27,-0.01055006030932204,-0.005756835077931344,-0.0051956636581851345
2021-09-28,-0.023801208939171703,-0.0263784679831095,-0.018093591200941006
2021-09-29,0.006482921353178739,-0.004475351789266391,0.006078968415260233
2021-09-30,-0.009311552056464945,-0.0048710792439015105,-0.009252228865333167
2021-10-01,0.00812694005031811,-0.0005418778291703674,0.010482217706054842
2021-10-04,-0.024605731140828757,-0.028471678341373097,-0.0005657476627474178
2021-10-05,0.014158474856143854,0.00978753803838428,0.0016983554225460384
2021-10-06,0.0063072500724401515,0.012732016728672857,0.011868709868822158
2021-10-07,0.009084446415527525,0.012391203105561077,0.0031653918553842253
2021-10-08,-0.0027218904061011573,-0.004181805261295635,0.0044541874978882845
2021-10-11,-0.0006296185801102361,-0.01286860335091844,0.00203261676779265
2021-10-12,-0.009102958369599623,0.0003172745113595443,0.0
2021-10-13,-0.00424021330866764,0.011378601203982708,0.00018437482631483704
2021-10-14,0.020225847981517386,0.004743759227551214,0.0068215001284013255
2021-10-15,0.007512478386686894,0.03308023939004423,-0.0023805623540434917
2021-10-18,0.011806144566205656,0.011064772529006062,-0.009911881843463921
2021-10-19,0.015080165713514226,-0.0007514424560826072,0.0038933587600795683
2021-10-20,0.0033610939446147015,-0.008446195751808605,0.008864253428589874
2021-10-21,0.0014738321880938265,0.005841756945129006,-0.00512557798476132
2021-10-22,-0.005284749585436455,-0.028954833317208384,0.0018400474175450654
2021-10-25,-0.0003364440654733958,-0.004550989805058192,-0.004040374070604313
2021-10-26,0.004574936232205173,0.01677526160393561,0.004425588676658654
2021-10-27,-0.0031475357913448576,0.004863638245470758,0.01927663998075846
2021-10-28,0.02499142424696177,0.01594115275917063,0.00936595767936077
2021-10-29,-0.018155547408096218,-0.021511245053778105,0.00588871507456834
2021-11-01,-0.0056074107672590134,-0.01610709978002456,-0.0035480767681531633
2021-11-02,0.007115935039853527,-0.0016154097805501921,-0.0012461914178063527
2021-11-03,0.00979888709714416,0.021507811127532195,0.0033868526590508097
2021-11-04,-0.003498699119313664,0.02748232410840923,0.005507163746416355
2021-11-05,0.0035822496691517713,0.01207642928374364,0.004240277165873163
2021-11-08,-0.005552713026181211,-0.008527948857282919,-0.008972542908665004
2021-11-09,0.0024594545002454282,0.025007238016599764,0.002840519947491682
2021-11-10,-0.019163169627869236,-0.026334994227121156,0.0040713927215052514
2021-11-11,-0.0003379110221823911,-0.0027425987825921982,0.0003527033207464392
2021-11-12,0.014337044210533278,0.015162029225161966,-0.0022911966528654792
2021-11-15,6.658783680668634e-05,0.0058238044631160335,0.00017655234375890672
2021-11-16,0.006666560489429152,-0.001404486161877938,-0.0070645379740919
2021-11-17,0.016489989063017463,0.0023441312596286235,-0.00551416358737733
2021-11-18,0.028535973172100215,0.04143700734081479,-0.008942813076985412
2021-11-19,0.016976078531912187,-0.005273114275827329,-0.005053280875644828
2021-11-22,0.002927525246125162,-0.02828730052206352,0.006167281421760817
2021-11-23,0.002422097601229245,0.0020909577736383245,0.007391324255564324
2021-11-24,0.0032836642668137017,0.00010331533981333685,-0.008052960033657408
2021-11-26,-0.03167852164805096,-0.021184701669844985,-0.03066929604831492
2021-11-29,0.021873612270657983,0.016267432688752415,0.015819793710213137
2021-11-30,0.03157763316550821,-0.015302274022490625,-0.03157317086729505
2021-12-01,-0.0032062967128442255,-0.0180634873037836,-0.0028598289227134144
2021-12-02,-0.006129865290010805,-0.0018468889124809706,0.014722772634314873
2021-12-03,-0.01172432798527534,-0.013839076006382012,0.008856245889223624
2021-12-06,0.02150281524056452,0.011086219388703134,0.025588289710579692
2021-12-07,0.035446138883416856,0.027986504263362688,0.005463558976697147
2021-12-08,0.02278321746700729,-3.689871657430732e-05,-0.003803565032337808
2021-12-09,-0.0029702348836040393,-0.011279643604146683,-0.002545609101634705
2021-12-10,0.028013450199816603,-0.011247564604614624,0.025884148834673493
2021-12-13,-0.0206743147605567,-0.015356076499860039,0.02629710563907217
2021-12-14,-0.008023281839141139,-0.0028071293797337082,0.0006924149187141904
2021-12-15,0.028509264980647986,0.024977573145925636,0.004498376203479593
2021-12-16,-0.03926393573410647,-0.025641174633125208,0.010162013759022592
2021-12-17,-0.006501732891748269,0.00678920370502567,-0.015686458759072264
2021-12-20,-0.008121948831830483,-0.017283556389377508,-0.0032911119943777045
2021-12-21,0.019086843439743095,0.019978649621920752,0.003997180108118892
2021-12-22,0.015318740077419735,0.0036381058820253998,0.0070971119028160334
2021-12-23,0.003643741856031113,0.0001841364158221559,0.0006874849634084246
2021-12-27,0.022974976624576593,-0.008178022851368039,0.007385968228918349
2021-12-28,-0.005767266928980108,0.005843719029521299,0.0039214617042142574
2021-12-29,0.0005019549076170637,-0.0085549217086347,0.001188829352225751
2021-12-30,-0.0065781616272673205,-0.0032890070546229833,-0.002883815712337645
2021-12-31,-0.0035353494728631585,-0.011429400216389607,0.007315397939791524
2022-01-03,0.025004157652632752,0.022118320898886212,0.0015199664648306577
2022-01-04,-0.012691596532981797,-0.016915587005979504,0.016694861637964298
2022-01-05,-0.02659986345453169,-0.018893091563845,0.0082932054001843
2022-01-06,-0.016693293120647157,-0.006710981961323137,-0.005263940951601542
2022-01-07,0.0009883922603599604,-0.004287778294336242,-0.002315206375980927
2022-01-10,0.00011610869886902186,-0.006570176170610398,0.0016573958961836333
2022-01-11,0.01678385988229003,0.024002125643924677,0.00033107587583325326
2022-01-12,0.0025701247014469075,-0.0009373300985386912,0.0014887876177307469
2022-01-13,-0.019028032150843255,-0.024169655027437842,0.005946495309234523
2022-01-14,0.005110695941160648,0.005731487003565627,0.008046040837152324
2022-01-18,-0.01889418076117466,-0.019862738846190164,-0.007981818797155649
2022-01-19,-0.021024802306441437,-0.016477101806013472,0.0016420144051469965
2022-01-20,-0.01034689108342457,-0.02963230963415675,-0.00409837190866813
2022-01-21,-0.012765352652563844,-0.05950180896147472,-0.004938206447986815
2022-01-24,-0.0048641367967416915,0.01332698348311534,-0.008105936659369872
2022-01-25,-0.011384815973035423,-0.031533745543573244,-0.0023348325140425397
2022-01-26,-0.0005632463206673988,-0.007954330670553511,-0.0036777710210389447
2022-01-27,-0.0029432910481966834,0.005508645722495764,0.0008389820262202363
2022-01-28,0.06977775015691612,0.031084056738273746,0.019949750074073958
2022-01-31,0.02612570507144718,0.03886361030218932,0.002794229663392711
2022-02-01,-0.0009724949194900301,0.010830762802234384,-0.007375872691877783
2022-02-02,0.0070441227316706545,-0.0038427158906232384,0.010237829317314873
2022-02-03,-0.016719727148077346,-0.0781276325178123,0.007028425335626087
2022-02-04,-0.0016792760945447682,0.13535901735711864,-0.010550353994610462
2022-02-07,-0.004234540106871187,0.0018777353189827206,0.010498719428233994
2022-02-08,0.01846656482241049,0.022021627828944013,0.006493485474868388
2022-02-09,0.008293828952082416,-0.0013877341505965646,-0.015483821171809353
2022-02-10,-0.023598824953179887,-0.013561706274733853,0.00557008342744858
2022-02-11,-0.02021830604880359,-0.03591110674363196,-0.017758161915798043
2022-02-14,0.0014230323861723626,0.012221683270054351,0.006468688306217274
2022-02-15,0.02315253173164189,0.008658352201907249,0.003790404485500387
2022-02-16,-0.0013889438254137687,0.010159039538768955,-0.0001642006668327589
2022-02-17,-0.021269219772362402,-0.021808901106176726,0.020032890054052288
2022-02-18,-0.009355698096119691,-0.013261957754408193,0.006761133327743973
2022-02-22,-0.017812330874774296,-0.015753494788264932,-0.004157500803909309
2022-02-23,-0.02586419610834234,-0.03575624663287669,-0.011078890923780671
2022-02-24,0.016680293320208595,0.04509522427819257,-0.017535289069975812
2022-02-25,0.012965333962909442,0.01605793012842116,0.03867128158485378
2022-02-28,0.0016379276857867442,-0.0014662630028149382,-0.00970567194199412
2022-03-01,-0.011628066325434228,-0.015765550251120253,-0.004337976034484381
2022-03-02,0.020588426433207907,0.0060241839623909055,0.007422809193732505
2022-03-03,-0.0019813586488351964,-0.027319556126581324,0.0006406836138874716
2022-03-04,-0.01840823993968277,-0.0152637929917393,0.0016008111746923515
2022-03-07,-0.023717456162073547,-0.05622045424233624,-0.023813180916058774
2022-03-08,-0.011676133379625697,-0.010465446730283379,-0.03962028188324773
2022-03-09,0.03499746379603064,0.024001199930983708,0.0051142859007506924
2022-03-10,-0.02718633222474487,0.05412515560997311,-0.018317611775064524
2022-03-11,-0.0239087150919145,-0.008806846762653975,0.0006910483403126388
2022-03-14,-0.02656242429861788,-0.025229488143872714,0.0184413472402285
2022-03-15,0.02967736792565634,0.038867730338306705,0.01844888905233999
2022-03-16,0.0290155508297687,0.038933563723705156,-0.002683712322235632
2022-03-17,0.006453980089425215,0.027007748989816838,0.010595344690809805
2022-03-18,0.020918939039345386,0.025512151358369817,0.0001664283301456848
2022-03-21,0.00853761086578042,0.0014945523217748669,0.007986769601955546
2022-03-22,0.020800571870292384,0.02103830044237709,0.0036314809529349734
2022-03-23,0.008233755836738244,-0.008981816492546923,-0.0065788728564084575
2022-03-24,0.02267778952348154,0.0014779010051912955,0.00960251331964268
2022-03-25,0.00373409454883733,0.006868294014676479,0.009019378788468702
2022-03-28,0.005036537739100622,0.025592678900108856,0.006338415711876877
2022-03-29,0.019134485773241172,0.00192027764251268,0.0038760400899315872
2022-03-30,-0.006649462553529162,-0.01780118433038691,0.0008042392935325715
2022-03-31,-0.017775840457142977,-0.019864567358571672,-0.003375574131328163
2022-04-01,-0.0017181933668390936,0.003450973226124532,0.01403218799441186
2022-04-04,0.023693417945534367,0.029264484561530857,-0.005248841901550727
2022-04-05,-0.018941919165778143,-0.025492089193307588,-0.0011193595155082336
2022-04-06,-0.018450754593761443,-0.032300120131985244,0.010084828108130939
2022-04-07,0.001804131630748218,-0.0061194323502751224,0.005388324646418807
2022-04-08,-0.011908949865195417,-0.021066740550443774,0.006147583551821878
2022-04-11,-0.02551586589794419,-0.021613947156313595,-0.00031335352254246995
2022-04-12,0.01152331800234263,-0.002213363562407644,0.011753634123793155
2022-04-13,0.016342551634200175,0.03152445706895657,0.002633265343428004
2022-04-14,-0.029988314164684948,-0.024652684274885983,0.004480023829549706
2022-04-18,-0.0013308999467025462,0.007109164667870926,-0.00892020719636255
2022-04-19,0.014115280416309606,0.03488883060861969,0.00977646160370238
2022-04-20,-0.001015639468494589,-0.026041044919075107,0.013677593228202278
2022-04-21,-0.0048435747201482915,-0.037026427673936824,0.003790192837782813
2022-04-22,-0.027821186750069837,-0.026608937569704394,-0.014499346777458344
2022-04-25,0.006737088476020281,0.011943186356370372,0.010574701879726645
2022-04-26,-0.03732788597982195,-0.0457507730510871,-0.013497133701614539
2022-04-27,-0.0014669691904073412,-0.008781047317448887,0.007840228946609518
2022-04-28,0.04515549289598786,0.04653418536434306,0.009609444466913697
2022-04-29,-0.03660478965648217,-0.140494377749234,-0.02387067947481747
2022-05-02,0.0019665040118537203,0.0017580913238786078,-0.018108654746095798
2022-05-03,0.009622609976061458,-0.0019799044812061073,-0.0056746637175666415
2022-05-04,0.04100832312701175,0.01348046853293483,0.030913215094701796
2022-05-05,-0.055716258245503636,-0.07561036490424522,-0.007996303303414387
2022-05-06,0.004727151650320227,-0.014041240035030156,0.0035652120940778964
2022-05-09,-0.03318905448326415,-0.05213354825727934,-0.002007984992439482
2022-05-10,0.01611197048224411,0.0006434445934944133,-0.009286382813993077
2022-05-11,-0.05184123772033167,-0.03203225709010704,0.004686652200858843
2022-05-12,-0.02689430168235485,0.014790404884573283,0.0031100240707173654
2022-05-13,0.0319164879571916,0.05727556035084924,0.018756763949340893
2022-05-16,-0.010672301833170472,-0.01985316173972196,0.0036518026662020198
2022-05-17,0.02542268970832029,0.04113327357999652,-0.0027290516412049604
2022-05-18,-0.056419395294902586,-0.07156196640827217,-0.06962588222454602
2022-05-19,-0.024641256405658063,0.0019278532990965047,-0.019607878639892773
2022-05-20,0.0017472271595624367,0.0025345295167615856,0.016333253567119677
2022-05-23,0.040119260645662624,-0.0003160506951839226,0.030829991043962446
2022-05-24,-0.019215920584391144,-0.03214110432537598,0.018453507560322935
2022-05-25,0.0011399847629702808,0.025696475417555487,0.0007810589465526707
2022-05-26,0.023199455793087687,0.04029499229486544,0.003589820024731072
2022-05-27,0.04075665238396042,0.036632083603781895,0.005909829371987474
2022-05-31,-0.005346132469082887,0.04397010379074828,-0.020098903982053273
2022-06-01,-0.0008734533586439719,0.012266042992872705,-0.004891214452713566
2022-06-02,0.01681136345595391,0.03145034300738625,0.01046458277330542
2022-06-03,-0.03855567108742963,-0.025185068024527135,-0.011925311294534557
2022-06-06,0.00522757899994275,0.01994280728922404,-0.0015881026481575633
2022-06-07,0.017585878960535428,-0.014344105316090427,0.006044313636054843
2022-06-08,-0.005043336684946165,-0.014796745486375773,-0.005691709873088757
2022-06-09,-0.03595570399380854,-0.04150848957443054,-0.0173319541236151
2022-06-10,-0.03862851810364942,-0.05596211721574329,-0.006310659716441069
2022-06-13,-0.03828489207213848,-0.05453719355874542,-0.0011397635174368315
2022-06-14,0.00667249417249427,-0.013118555361940287,-0.02742199008385271
2022-06-15,0.02011149382037103,0.052389802934770247,0.007428618546809318
2022-06-16,-0.039651306929394003,-0.037243378610853584,-0.010055297717278533
2022-06-17,0.011533172481017706,0.02469609751257895,0.006094460242531907
2022-06-21,0.032760611091178005,0.023159471438541024,0.021369626272029096
2022-06-22,-0.0038271027429455096,0.0024843268523027096,0.007413520844681498
2022-06-23,0.021573618616461676,0.0320330939965241,0.011937909403429758
2022-06-24,0.024517306939172423,0.03575237064906034,0.018745968788085765
2022-06-27,0.0,-0.027820692849391482,-0.0020622385038945312
2022-06-28,-0.029789682993503486,-0.05140434227234392,-0.010014346895837245
2022-06-29,0.01302388084271855,0.014152668728781626,0.00722557137222446
2022-06-30,-0.01802756490704982,-0.024880638358707907,0.0028693444835019566
2022-07-01,0.01616423007959522,0.03154127203651247,0.023366622053947683
2022-07-05,0.01893044836483604,0.035962053023039786,-0.017085971503037367
2022-07-06,0.009607186801149803,0.007312791463036872,0.0020543551602929533
2022-07-07,0.023999564649355598,0.01749322109655349,-0.007885176600406663
2022-07-08,0.00471453480714934,-0.006791033294013538,0.0036560195099295534
2022-07-11,-0.014757855575225354,-0.03280250030721621,-0.00316752071885007
2022-07-12,0.0068337613209470405,-0.022639810105564928,-0.004289843817547712
2022-07-13,-0.002536691505982458,0.010803884746268588,-0.004627384483569252
2022-07-14,0.020482482932144608,0.002083294604712016,-0.0032061117745763035
2022-07-15,0.011450173045128409,0.02639434033114041,0.005146240469161567
2022-07-18,-0.02064323688672931,0.0018493974357440823,-0.013599924057540291
2022-07-19,0.026721924431724497,0.03911741266419111,0.014274033840586675
2022-07-20,0.013509868250282775,0.03857539627705431,-0.016472047511642773
2022-07-21,0.015094133066844817,0.01515028639903937,-0.0022764107344926954
2022-07-22,-0.008110666960722157,-0.017732481209791984,0.003748373289748974
2022-07-25,-0.007398431295955854,-0.010455798059483823,0.009741771353409812
2022-07-26,-0.008826230349055608,-0.052253606265046715,0.01640137322226698
2022-07-27,0.03423473222963569,0.0536538959419941,-0.0031640130608390216
2022-07-28,0.0035717429780262044,0.010829110898360028,0.016663964511136387
2022-07-29,0.032793021743751316,0.10361464095050721,0.001717144326913056
2022-08-01,-0.006153360144370956,0.0032604850044939404,0.005454325359793177
2022-08-02,-0.009287568299900406,-0.009084834427092181,-0.013639152766890539
2022-08-03,0.038247815032903976,0.039952299225118226,0.0043997251082474875
2022-08-04,-0.001926301838174882,0.021860686341448332,-0.003911192786557716
2022-08-05,-0.0013890208580243923,-0.012414983387324718,-0.004554645283378678
2022-08-08,-0.002902955134434837,-0.009872154542052702,-0.006469011451359141
2022-08-09,0.0003033180932594526,-0.011333489631663474,0.0012704663099927238
2022-08-10,0.026194622957679492,0.0352608325167747,0.00951625125570521
2022-08-11,-0.004431654764997073,-0.014366830308238487,-0.006755655202193456
2022-08-12,0.021425628272683017,0.020691152408548463,0.007592529210796117
2022-08-15,0.006333440686336234,-0.0025775713556979163,0.01255888238671754
2022-08-16,-0.0009238478689149732,0.0111747882760318,0.008216962708727182
2022-08-17,0.008784670453770183,-0.01851079360669594,-0.0023066113392520293
2022-08-18,-0.0022917121554660858,0.0014074379989574837,0.0052404510277359595
2022-08-19,-0.015101906558082412,-0.02860159688639219,-0.0007665502161781079
2022-08-22,-0.02302924628994929,-0.036243902638259384,-0.014884254909121153
2022-08-23,-0.002029017952013601,0.003002506326521548,0.0010903675792151013
2022-08-24,0.0017938581286216504,0.001347163157822573,0.0014003567834710573
2022-08-25,0.014922629966364953,0.026008936084948253,0.004816617853567573
2022-08-26,-0.037699201164175244,-0.04756700784791723,-0.024122393844655643
2022-08-29,-0.013690268131689942,-0.007342307563037775,-0.006021156353141155
2022-08-30,-0.015305368825262233,-0.008167020675137082,-0.009246041372552583
2022-08-31,-0.010634981916676778,-0.015225659516225343,-0.007079599357757593
2022-09-01,0.00470671806143752,0.008282741023605045,0.004699307004072395
2022-09-02,-0.013611095347631386,-0.002425266463259912,-0.013709664029198376
2022-09-06,-0.008215098024380807,-0.010979542799969155,0.0004906447866679375
2022-09-07,0.009253887215691758,0.026722663554652915,0.01847011366767215
2022-09-08,-0.009617726780501767,0.0026259778181887405,-0.0030493570452299057
2022-09-09,0.018839621687144037,0.02657523304266962,0.0032195309482243584
2022-09-12,0.038508074604072684,0.023861278411006825,0.0028883483025752277
2022-09-13,-0.05867957800714241,-0.0705752837581286,-0.03247992365519614
2022-09-14,0.009555404785185573,0.01364140798846103,0.005291898462969291
2022-09-15,-0.01892992646048719,-0.0176585314552421,-0.013587500998605728
2022-09-16,-0.010960195752319768,-0.021777003694830932,0.00016800608491296387
2022-09-19,0.025083036006204873,0.009147615105472573,0.007558021152632044
2022-09-20,0.015665477247489568,-0.019813903001303146,-0.0015002651944522327
2022-09-21,-0.020267741268355843,-0.02987152347123645,-0.00834724301728651
2022-09-22,-0.006375276066917901,-0.010376272544574294,-0.002357035639419025
2022-09-23,-0.015123603962843735,-0.03009120154088929,-0.011137277431681247
2022-09-26,0.0022602044132504773,0.012040804722097675,-0.0124574201018256
2022-09-27,0.006566189453863114,-0.006426381710496365,-0.025747269086567548
2022-09-28,-0.012651448773243534,0.0314657666190894,0.01064204127272772
2022-09-29,-0.04911922276606551,-0.027201076403397084,-0.007195557607452163
2022-09-30,-0.030039210337817313,-0.015679468675155683,-0.00972238330540487
2022-10-03,0.030752598220590732,0.025486701357681163,0.011246028013061293
2022-10-04,0.025623055879889778,0.04496029692750958,0.0022947010006524327
2022-10-05,0.002053193286563282,-0.001156159830559278,-0.009510350499242537
2022-10-06,-0.006625576503475061,-0.00537407121029132,-0.02151496939744757
2022-10-07,-0.036718762286018114,-0.04771409266460691,-0.009449440214055915
2022-10-10,0.0023557012462427362,-0.007768849586377025,-0.0022013818979328414
2022-10-11,-0.010254917474230685,-0.012844190270001499,0.001654732791815272
2022-10-12,-0.004605124160097951,0.006149206372302096,0.012114517416193848
2022-10-13,0.03361292883817679,-0.00327726077574253,0.013239044889492124
2022-10-14,-0.03223999240853748,-0.05003107895219994,-0.015929766404664925
2022-10-17,0.029122758873743493,0.06445275295885255,0.012913680745591849
2022-10-18,0.009409414286056128,0.022585461588422673,0.013467406191562059
2022-10-19,0.0007652765406382933,-0.01108629175628062,-0.008504624344132128
2022-10-20,-0.003267142951187907,0.0015642678860967596,-0.015725423410296258
2022-10-21,0.02705916683187426,0.03531453097461368,0.015976663203860708
2022-10-24,0.014802645121422264,0.004190412347291339,0.02877061217616017
2022-10-25,0.019337665717600983,0.006509754475742646,0.023970858491352942
2022-10-26,-0.019627145001393953,-0.040961814879887926,0.007463873670965349
2022-10-27,-0.030465422689227584,-0.04063638620803933,0.002357301365127684
2022-10-28,0.07555252479713848,-0.06804249715805744,0.020661799819570392
2022-10-31,-0.015410414645215975,-0.009380148789788212,-0.014976940848559606
2022-11-01,-0.017542698842095028,-0.05515425020719422,-0.003508742658401176
2022-11-02,-0.0373049891220103,-0.048248766657425834,-0.01391675831966821
2022-11-03,-0.042404970115782925,-0.030612240672440172,-0.0005101888196086257
2022-11-04,-0.0019472889149426686,0.01881299269611514,0.00816599342269031
2022-11-07,0.003902176494917864,-0.00494619214148917,0.003881350959736851
2022-11-08,0.004175131373238772,-0.006075283660437414,0.0018489815061852877
2022-11-09,-0.033190006451412346,-0.042676192754212194,-0.013926163361693722
2022-11-10,0.0889744571534401,0.12177847617944293,0.035902659911554835
2022-11-11,0.019268852027987116,0.0430508514990382,0.007227320501678625
2022-11-14,-0.009485661875349272,-0.022819754250081425,-0.009621606382191006
2022-11-15,0.011869400935927255,0.004569038353104293,-0.0016466707217359655
2022-11-16,-0.008331114514831484,-0.018394983322363,-0.0018142803550816877
2022-11-17,0.01297128894633448,-0.02337318995330062,0.0031394469651702117
2022-11-18,0.0037818655495300835,-0.007485493894513584,0.007082817876437053
2022-11-21,-0.02168013006214331,-0.017845764989037338,0.01537460082232478
2022-11-22,0.014661072444487111,0.008003437930963697,0.004349208150432826
2022-11-23,0.0059262990028041695,0.009978544373689724,0.004490781860374327
2022-11-25,-0.01959352081556731,-0.0076489282090407285,0.0009579548085238976
2022-11-28,-0.026264262230426105,0.00578089353348199,0.00015959966803258396
2022-11-29,-0.021148284392764616,-0.016285245651894598,-0.003508828248204421
2022-11-30,0.048593891741501416,0.04457912603558589,0.025306247005642435
2022-12-01,0.0018914957226026097,-0.010772746070691896,0.0028297557835450515
2022-12-02,-0.003371235102835657,-0.01434557849824114,0.008778802200074098
2022-12-05,-0.007983226557177092,-0.033145598727553405,-0.013675191451175572
2022-12-06,-0.02537005994532182,-0.03032636052572657,-0.00047275778282152014
2022-12-07,-0.013784852842511297,0.0023795930251859776,0.0015764011165462222
2022-12-08,0.012132771377662666,0.021365582288144003,0.004249279178782039
2022-12-09,-0.003434957633445701,-0.01394579034322141,-0.010499976054059945
2022-12-12,0.016389964965035198,0.01638799835988136,0.013145437148416983
2022-12-13,0.006782536725792987,0.02142456926150338,0.0003126680575673557
2022-12-14,-0.015535834167015983,-0.009838858835905628,0.0
2022-12-15,-0.04685433338836853,-0.034177820705733164,-0.01375218644880527
2022-12-16,-0.01457868845465593,-0.006670394101153776,-0.005704349994945956
2022-12-19,-0.015909798790083807,-0.033462353983410575,0.0014342999339236329
2022-12-20,-0.0005287014746800933,0.0031795134041781026,-0.0007956646416223956
2022-12-21,0.023809595511849135,0.018546709195681466,0.016085359913043273
2022-12-22,-0.023772674717223663,-0.034343619255829294,-0.007210041605687056
2022-12-23,-0.0027981193671116067,0.01742450254827599,0.007578120647848685
2022-12-27,-0.013878428075280724,-0.025923742926365456,0.006110932750062359
2022-12-28,-0.03068519816820403,-0.01469172937442731,-0.0099672569733128
2022-12-29,0.028324333708953375,0.02884381103830358,0.005977708041573937
2022-12-30,0.002468894962009527,-0.002138278742257471,-0.005316716285839185
2023-01-03,-0.03740471807897161,0.021666663033621747,-0.010375710316013476
2023-01-04,0.010314312509958734,-0.007923564525679994,-0.0004766014880598357
2023-01-05,-0.010604662398752573,-0.023725589118479662,-0.011443028075523887
2023-01-06,0.036794127550115574,0.035611152390083056,0.019292560852101293
2023-01-09,0.0040888137734835794,0.01486987397850048,-0.012460569692720691
2023-01-10,0.004456467553030752,0.028731709234134817,-0.0076664775725512335
2023-01-11,0.021112223899218963,0.058083825879343465,-0.001931504558077668
2023-01-12,-0.0005993409660054461,0.0018929468094222024,-0.012901158534604829
2023-01-13,0.010119211845972309,0.029915043601747016,0.0035942415695320307
2023-01-17,0.008756313315090747,-0.02109661268732821,0.004069637490475397
2023-01-18,-0.005370012070634589,-0.006142675153973931,-0.030317720670054227
2023-01-19,0.0004438159193007607,-0.01864654092151996,-0.0015047390602698218
2023-01-20,0.01922073490772025,0.03810845093076898,0.006028091705081229
2023-01-23,0.023500335609520473,0.002776315095798454,0.0024966494406215567
2023-01-24,0.01006309715906939,-0.012305137300550828,0.005312946695102516
2023-01-25,-0.00470080999548117,0.008928577793566816,0.006275853272328824
2023-01-26,0.014803444580791192,0.02099198301215366,-0.001969417922929928
2023-01-27,0.013684203131157258,0.03043737760442866,-0.005262335571519672
2023-01-30,-0.020077941514042075,-0.01652968356145279,0.0024797271563772316
2023-01-31,0.00902084102430023,0.025658817736008643,0.011213725246102646
2023-02-01,0.007900687509452053,0.019586971068148662,0.00016309014773185915
2023-02-02,0.03706257549068748,0.07379935352944922,-0.01712053636415134
2023-02-03,0.024399958220502338,-0.08431497620839845,-0.007465098011498306
2023-02-06,-0.017928753529949937,-0.011703250716856073,0.005682705377158204
2023-02-07,0.019244696755542856,-0.0006850625818668465,-0.001661943407795019
2023-02-08,-0.017652744700426104,-0.02017429777965274,-0.005826485215978061
2023-02-09,-0.006911586643926992,-0.01809100582487666,-0.0016745311714830846
2023-02-10,0.0024561696814890954,-0.006412838631079665,0.0
2023-02-13,0.01880685454810549,0.019772567289289666,0.016437463558508503
2023-02-14,-0.004224974339170906,0.0016073541414833858,-0.016666662405684263
2023-02-15,0.013903406524856443,0.014643999584324163,0.0
2023-02-16,-0.01042933974078053,-0.02975486385196624,-0.006209132484198965
2023-02-17,-0.007546740468078128,-0.009679109147912035,0.015197502189730594
2023-02-21,-0.02667978837829843,-0.02695468312187932,-0.005322603557615158
2023-02-22,0.0028960536837505657,0.012793392483054111,0.0030100461821516156
2023-02-23,0.0032904714424397685,0.000313172345862478,0.0018338770475168076
2023-02-24,-0.018005261579653653,-0.024212061179431754,-0.004160390146556336
2023-02-27,0.00824753836812575,0.0027807715104863906,-0.0003342475950063317
2023-02-28,-0.003447790774170345,0.005012811540044737,-0.005182181495359428
2023-03-01,-0.014246067283711472,-0.02186145722806776,-0.010922504421740475
2023-03-02,0.004129173911454842,-0.00043399062951077205,0.014610958880492131
2023-03-03,0.035090127462807263,0.030066258059702422,-0.004688609452296877
2023-03-06,0.018539341038877888,-0.012118034851298809,0.015477880345765582
2023-03-07,-0.014496462616848893,-0.0021333007812499583,-0.00579861974048701
2023-03-08,0.008377240767832195,0.003955051898638651,0.0004999510763084025
2023-03-09,-0.01491468756674652,-0.017781071140368643,-0.00966031023796643
2023-03-10,-0.013878684753919956,-0.0164769283801236,-0.004204471024521039
2023-03-13,0.01326602199752358,0.01873687738723384,0.010133466605874109
2023-03-14,0.014089155904420725,0.0265065123894086,0.0036782438407758633
2023-03-15,0.0026215153168731575,0.01391230747297123,0.006663406603878874
2023-03-16,0.018693965657772704,0.03991688242309577,0.0055027085391168296
2023-03-17,-0.005453997639683683,-0.010895681300578386,-0.004643415401745843
2023-03-20,0.015483838742695433,-0.012531560404374087,0.009663424711723545
2023-03-21,0.011944036225120414,0.029679680207260972,-0.004620491562303486
2023-03-22,-0.00910337338835554,-0.018984232685839597,-0.004476133289670559
2023-03-23,0.006969432873209058,0.00010133876939955044,-0.002164853660667654
2023-03-24,0.00830568558176581,-0.005875816395847999,0.016355180953886217
2023-03-27,-0.012293317560184036,-0.0009171134251457769,0.00738915105771909
2023-03-28,-0.0039803799824471575,-0.00815996577200262,0.0011409702551417045
2023-03-29,0.019790819973475093,0.0309543624265336,0.007163818336701544
2023-03-30,0.00988990605835971,0.0174563591022443,-0.0001616785740471416
2023-03-31,0.015644120063716294,0.012647067799287592,0.0029102499040150054
2023-04-03,0.007701668444305421,-0.008519675143944028,0.005964907301680755
2023-04-04,-0.0032496013732079554,0.015037527888523972,-0.0030448779942131576
2023-04-05,-0.011290316769786424,-0.027417013542964663,0.009484008895552565
2023-04-06,0.005495894663295919,0.009495540049077267,0.000636911760178327
2023-04-10,-0.015972353861650412,0.0010778033801970288,-0.0023869906075858482
2023-04-11,-0.007591151132737783,-0.022022120390757682,-0.00175461131928778
2023-04-12,-0.004353228682667298,-0.020916697119598093,0.0017576953915177107
2023-04-13,0.03410364468904903,0.046713683014299345,0.007337705197461908
2023-04-14,-0.002113942362031662,0.001074224694457282,-0.00158357614184923
2023-04-17,0.00012095205380946439,0.0022436418178335416,0.006502795512572934
2023-04-18,0.007504787723795481,-0.004282604839014548,0.0015758404643995139
2023-04-19,0.0069682795532397535,0.019550341547772243,0.0018879486538925239
2023-04-20,-0.005846383916803366,-0.0046980391066805405,0.0043969526211982135
2023-04-21,-0.009780862264937462,0.03034391291745231,0.0014072114538934422
2023-04-24,0.0018784916324139367,-0.007011967150520215,-0.0015613244270368254
2023-04-25,-0.009435649907838628,-0.03427172037496595,-0.0015637659730486364
2023-04-26,-6.110121200886276e-05,0.023496184744855597,-0.004698464902049393
2023-04-27,0.0283953000392978,0.046103983455159314,0.0020456247937878924
2023-04-28,0.007541058671858503,-0.039792412663683385,0.007380687427582577
2023-05-01,-0.0005303966802686633,-0.032242712137328766,0.0023383059208781365
2023-05-02,-0.006191485674171049,0.015482549283793778,-0.004510158676908516
2023-05-03,-0.006467274396850575,0.00019303553981586674,-0.005624148427221254
2023-05-04,-0.009913408782439737,0.0033767339022539034,0.0010998015562324603
2023-05-05,0.04692691378665437,0.015961573674128537,0.004707989950030633
2023-05-08,-0.0004033831647295427,0.0016089169321718,-0.0015619361884674499
2023-05-09,-0.00997109478682301,0.00746481056277859,-0.008291603012580917
2023-05-10,0.010420873636362904,0.03348339526223332,0.0017352962024737018
2023-05-11,0.0010947335979276662,0.01805969525073481,0.005669258241680186
2023-05-12,-0.00541757585561653,-0.01711533396079623,0.003914834400055245
2023-05-15,-0.002897303205086854,0.008525256609829501,-0.0026517135952662807
2023-05-16,0.0,0.01978421437062372,-0.011260551525783535
2023-05-17,0.0036031378564966854,0.018518504813616277,-0.0011072212212921428
2023-05-18,0.013666072384457717,0.022943736154795724,-0.005542364329029881
2023-05-19,0.0006284583758924267,-0.01608126535201726,0.00047771442323596425
2023-05-22,-0.005480815010302842,-0.010666648290490577,-0.021009092244973715
2023-05-23,-0.01515493192468187,-0.00017393506729301844,-0.0017882715705688224
2023-05-24,0.0016320523140229692,0.015305697616548875,-0.008469082168971465
2023-05-25,0.006692292966383739,-0.01498929336188437,-0.007720140685779753
2023-05-26,0.014104844254227089,0.04443478791610045,-0.0024830712126371335
2023-05-30,0.010659517992285927,0.01290486257498391,-0.007965479477813897
2023-05-31,-0.0002819750629596829,-0.00887721353399118,-0.002007327300827977
2023-06-01,0.016022545747884642,0.01816217265513176,0.005699006436444609
2023-06-02,0.004775394007124456,0.01205508998453797,0.01933329139375517
2023-06-05,-0.007571131934170361,0.008450728786783213,-0.006703748334699888
2023-06-06,-0.0020603102981311405,0.010454888481148839,-0.007242763452981804
2023-06-07,-0.007756331833870811,-0.04249267220189956,-0.0014922492773928875
2023-06-08,0.015465080629694539,0.024911297199049942,0.0024907777458778035
2023-06-09,0.0021598634001691597,-0.006599595129369917,0.0016564989073932779
2023-06-12,0.015638749744372404,0.025439515368102628,-0.004299698309830791
2023-06-13,-0.002611688225530151,0.0007111003199982147,0.003986110918707375
2023-06-14,0.0034913971198120564,-0.001894879884926648,0.006782485295352858
2023-06-15,0.011198686943946656,0.005458016543269828,0.013741688665385166
2023-06-16,-0.0058599076451348875,-0.012744888197649074,0.007185997550195555
2023-06-20,0.0004866733308137583,0.002310948445805039,-0.0066482870047913645
2023-06-21,-0.00567528631212022,-0.00755284590127181,0.002775089590278723
2023-06-22,0.016525266938793193,0.04261789623803569,0.006837020460016552
2023-06-23,-0.001711292166940881,-0.006300361919969633,-0.010509259938843996
2023-06-26,-0.007552938709473822,-0.01546431587167707,0.00032680486134539777
2023-06-27,0.015059031472648421,0.014529104045574393,-0.0021235064606838217
2023-06-28,0.006327794938592701,-0.001083754432466999,-0.00933049097070715
2023-06-29,0.0017965499974890164,-0.008834406537251538,-0.00826173159646526
2023-06-30,0.02310251902489746,0.019233769000189582,0.0033322352784750375
2023-07-03,-0.0077846375013539415,-0.0010739443770555468,0.005978090386152157
2023-07-05,-0.005871443825643752,0.0012287180203460757,0.007428143523289021
2023-07-06,0.002508765906785726,-0.015493205988729275,-0.0077010882419564775
2023-07-07,-0.005891261629816902,0.011062622017709689,-0.013210089722861862
2023-07-10,-0.010855838414712271,-0.020419182854096718,-0.007530069626525471
2023-07-11,-0.002810011863180417,0.012978852839820476,0.0035407027417002634
2023-07-12,0.008985498792831947,0.01568569880112225,0.00537633891739131
2023-07-13,0.004057489556155147,0.026758409161619312,0.008522699201750417
2023-07-14,0.0007873050311422158,0.002829408900884234,0.00911355535483005
2023-07-17,0.017305562319599455,-0.008315972513331604,-0.0014778349808356461
2023-07-18,-0.0013403239902635145,-0.005465676406731013,-0.0039467468022819086
2023-07-19,0.007071757947505475,0.019046892602732513,0.017665506029640232
2023-07-20,-0.010097400458977002,-0.03989357175040831,0.012167423871291438
2023-07-21,-0.006161599867214096,0.00030773533446226686,0.0008013982617356419
2023-07-24,0.004220022946952007,-0.009230745755709147,0.0003203148334971484
2023-07-25,0.004513584550618122,0.002562125956798944,-0.003362137168600454
2023-07-26,0.004544992537860004,-0.007589335934878205,0.012851393366434483
2023-07-27,-0.006580980555340399,0.0007803832093540297,-0.0096748710187613
2023-07-28,0.013507974868155692,0.030877245332297854,0.0006406296669940748
2023-07-31,0.003165970278563579,0.011118568090654923,-0.008802804754963978
2023-08-01,-0.0042758970956706666,-0.014886223394710907,-0.0025835596096184243
2023-08-02,-0.015489983017774489,-0.026425663778747666,0.0030759045701951315
2023-08-03,-0.007321620929643724,0.005459768439170398,-0.00516461748793684
2023-08-04,-0.04802007285706045,0.08269337801006271,-0.015087610551338893
2023-08-07,-0.017253734065004633,0.01898684357254843,0.00790643303368288
2023-08-08,0.00531169323453029,-0.016031491771390738,-0.0044124932803286665
2023-08-09,-0.008954337045087524,-0.01493494570121734,0.002298148531742372
2023-08-10,-0.0012346820198605446,0.005150463718840648,-0.0022928791548789684
2023-08-11,0.0003375769990212607,-0.0010825194798443905,0.004103742736608407
2023-08-14,0.009393180104611876,0.015605834874352187,-0.004740838801876923
2023-08-15,-0.01120032146677552,-0.020630355012962953,-0.0067345571652238645
2023-08-16,-0.004959085033290345,-0.018885675014943426,0.00016534349812080684
2023-08-17,-0.014555174817995509,-0.008069975106044458,0.0021494885763755356
2023-08-18,0.0028161235239314575,-0.005672447612115605,0.0056096378347474385
2023-08-21,0.007736780344014926,0.01095925117625085,-0.008531590668656053
2023-08-22,0.007904910251348207,-0.0031926989840012077,-0.006122768989181626
2023-08-23,0.021948877071738204,0.009459994580714559,0.0034964881730097375
2023-08-24,-0.02617044148719283,-0.027154721211281152,-0.0026547178728534293
2023-08-25,0.01264313224744873,0.010770617478674804,0.0046581064124737726
2023-08-28,0.008846099466185864,-0.0009004586682715976,0.0028150684775751778
2023-08-29,0.02181027039532446,0.013294308852149106,-0.0009907756263274337
2023-08-30,0.006789050799205221,-0.0022608251893182496,0.0023140394983212076
