accessionNumber,filingDate,reportDate,acceptanceDateTime,act,form,fileNumber,filmNumber,items,size,isXBRL,isInlineXBRL,primaryDocument,primaryDocDescription,ticker,cik
0000320193-23-000106,2023-11-03,2023-09-30,2023-11-02T18:08:27.000Z,34,10-K,001-36743,231373899,,9569569,1,1,aapl-20230930.htm,10-K,AAPL,0000320193
0000320193-23-000104,2023-11-02,2023-11-02,2023-11-02T16:30:32.000Z,34,8-K,001-36743,231372885,"2.02,9.01",450675,1,1,aapl-20231102.htm,8-K,AAPL,0000320193
0000320193-23-000077,2023-08-04,2023-07-01,2023-08-03T18:04:43.000Z,34,10-Q,001-36743,231141522,,5939898,1,1,aapl-20230701.htm,10-Q,AAPL,0000320193
0000320193-23-000075,2023-08-03,2023-08-03,2023-08-03T16:30:21.000Z,34,8-K,001-36743,231140568,"2.02,9.01",452428,1,1,aapl-20230803.htm,8-K,AAPL,0000320193
0001140361-23-023909,2023-05-10,2023-05-08,2023-05-10T16:31:27.000Z,34,8-K,001-36743,23907040,"8.01,9.01",932286,1,1,ny20007635x4_8k.htm,8-K,AAPL,0000320193
0000320193-23-000064,2023-05-05,2023-04-01,2023-05-04T18:03:52.000Z,34,10-Q,001-36743,23890444,,6314786,1,1,aapl-20230401.htm,10-Q,AAPL,0000320193
0000320193-23-000063,2023-05-04,2023-05-04,2023-05-04T16:30:43.000Z,34,8-K,001-36743,23889274,"2.02,9.01",493947,1,1,aapl-20230504.htm,8-K,AAPL,0000320193
0001140361-23-011192,2023-03-10,2023-03-10,2023-03-10T16:30:52.000Z,34,8-K,001-36743,23724135,5.07,312760,1,1,brhc10049413_8k.htm,8-K,AAPL,0000320193
0000320193-23-000006,2023-02-03,2022-12-31,2023-02-02T18:01:30.000Z,34,10-Q,001-36743,23582662,,5915088,1,1,aapl-20221231.htm,10-Q,AAPL,0000320193
0000320193-23-000005,2023-02-02,2023-02-02,2023-02-02T16:30:33.000Z,34,8-K,001-36743,23581333,"2.02,9.01",464814,1,1,aapl-20230202.htm,8-K,AAPL,0000320193
0001193125-22-278435,2022-11-07,2022-11-06,2022-11-07T06:27:07.000Z,34,8-K,001-36743,221363624,"7.01,9.01",299395,1,1,d400465d8k.htm,8-K,AAPL,0000320193
0000320193-22-000108,2022-10-28,2022-09-24,2022-10-27T18:01:14.000Z,34,10-K,001-36743,221338448,,10332356,1,1,aapl-20220924.htm,10-K,AAPL,0000320193
0000320193-22-000107,2022-10-27,2022-10-27,2022-10-27T16:30:22.000Z,34,8-K,001-36743,221337696,"2.02,9.01",506714,1,1,aapl-20221027.htm,8-K,AAPL,0000320193
0001193125-22-225365,2022-08-19,2022-08-17,2022-08-19T16:31:06.000Z,34,8-K,001-36743,221181249,"5.02,5.03,9.01",600283,1,1,d366128d8k.htm,8-K,AAPL,0000320193
0001193125-22-214914,2022-08-08,2022-08-01,2022-08-08T16:32:16.000Z,34,8-K,001-36743,221144879,"8.01,9.01",729124,1,1,d297151d8k.htm,8-K,AAPL,0000320193
0000320193-22-000070,2022-07-29,2022-06-25,2022-07-28T18:06:56.000Z,34,10-Q,001-36743,221116600,,6109993,1,1,aapl-20220625.htm,10-Q,AAPL,0000320193
0000320193-22-000069,2022-07-28,2022-07-28,2022-07-28T16:31:44.000Z,34,8-K,001-36743,221115643,"2.02,9.01",506818,1,1,aapl-20220728.htm,8-K,AAPL,0000320193
0000320193-22-000059,2022-04-29,2022-03-26,2022-04-28T18:03:58.000Z,34,10-Q,001-36743,22868650,,6140838,1,1,aapl-20220326.htm,10-Q,AAPL,0000320193
0000320193-22-000058,2022-04-28,2022-04-28,2022-04-28T16:32:12.000Z,34,8-K,001-36743,22867217,"2.02,9.01",512525,1,1,aapl-20220428.htm,8-K,AAPL,0000320193
0001193125-22-066169,2022-03-04,2022-03-04,2022-03-04T16:35:09.000Z,34,8-K,001-36743,22714604,"5.02,5.07,9.01",583449,1,1,d294699d8k.htm,8-K,AAPL,0000320193
0000320193-22-000007,2022-01-28,2021-12-25,2022-01-27T18:00:58.000Z,34,10-Q,001-36743,22564628,,5669748,1,1,aapl-20211225.htm,10-Q,AAPL,0000320193
0000320193-22-000006,2022-01-27,2022-01-27,2022-01-27T16:30:36.000Z,34,8-K,001-36743,22563572,"2.02,9.01",482245,1,1,aapl-20220127.htm,8-K,AAPL,0000320193
0001193125-21-328151,2021-11-12,2021-11-09,2021-11-12T16:31:14.000Z,34,8-K,001-36743,211404083,"5.02,5.03,9.01",492640,1,1,d259993d8k.htm,8-K,AAPL,0000320193
0000320193-21-000105,2021-10-29,2021-09-25,2021-10-28T18:04:28.000Z,34,10-K,001-36743,211359752,,10502096,1,1,aapl-20210925.htm,10-K,AAPL,0000320193
0000320193-21-000104,2021-10-28,2021-10-28,2021-10-28T16:30:23.000Z,34,8-K,001-36743,211358748,"2.02,9.01",513310,1,1,aapl-20211028.htm,8-K,AAPL,0000320193
0001193125-21-237787,2021-08-05,2021-07-29,2021-08-05T16:31:44.000Z,34,8-K,001-36743,211148832,"8.01,9.01",740826,1,1,d199884d8k.htm,8-K,AAPL,0000320193
0000320193-21-000065,2021-07-28,2021-06-26,2021-07-27T18:03:42.000Z,34,10-Q,001-36743,211119137,,8446381,1,1,aapl-20210626.htm,10-Q,AAPL,0000320193
0000320193-21-000063,2021-07-27,2021-07-27,2021-07-27T16:35:44.000Z,34,8-K,001-36743,211117989,"2.02,9.01",513921,1,1,aapl-20210727.htm,8-K,AAPL,0000320193
0000320193-21-000056,2021-04-29,2021-03-27,2021-04-28T18:02:54.000Z,34,10-Q,001-36743,21866148,,8468959,1,1,aapl-20210327.htm,10-Q,AAPL,0000320193
0000320193-21-000055,2021-04-28,2021-04-28,2021-04-28T16:30:33.000Z,34,8-K,001-36743,21864681,"2.02,9.01",517025,1,1,aapl-20210428.htm,8-K,AAPL,0000320193
0001193125-21-054710,2021-02-24,2021-02-23,2021-02-24T16:31:21.000Z,34,8-K,001-36743,21673802,5.07,314778,1,1,d101693d8k.htm,8-K,AAPL,0000320193
0001193125-21-032394,2021-02-08,2021-02-01,2021-02-08T16:31:03.000Z,34,8-K,001-36743,21601830,"8.01,9.01",875217,1,1,d70217d8k.htm,8-K,AAPL,0000320193
0000320193-21-000010,2021-01-28,2020-12-26,2021-01-27T18:03:06.000Z,34,10-Q,001-36743,21561251,,7608244,1,1,aapl-20201226.htm,10-Q,AAPL,0000320193
0000320193-21-000009,2021-01-27,2021-01-27,2021-01-27T16:30:35.000Z,34,8-K,001-36743,21560158,"2.02,9.01",486776,1,1,aapl-20210127.htm,8-K,AAPL,0000320193
0001193125-21-001982,2021-01-05,2020-12-29,2021-01-05T16:32:16.000Z,34,8-K,001-36743,21506117,5.02,290029,1,1,d29637d8k.htm,8-K,AAPL,0000320193
0000320193-20-000096,2020-10-30,2020-09-26,2020-10-29T18:06:25.000Z,34,10-K,001-36743,201273977,,12502600,1,1,aapl-20200926.htm,10-K,AAPL,0000320193
0000320193-20-000094,2020-10-29,2020-10-29,2020-10-29T16:30:32.000Z,34,8-K,001-36743,201273047,"2.02,9.01",516927,1,1,aapl-20201029.htm,8-K,AAPL,0000320193
0001193125-20-225672,2020-08-20,2020-08-13,2020-08-20T16:30:57.000Z,34,8-K,001-36743,201120370,"8.01,9.01",776989,1,1,d937363d8k.htm,8-K,AAPL,0000320193
0001193125-20-213158,2020-08-07,2020-08-03,2020-08-07T17:20:23.000Z,34,8-K,001-36743,201085556,"5.03,9.01",303685,1,1,d49399d8k.htm,8-K,AAPL,0000320193
0000320193-20-000062,2020-07-31,2020-06-27,2020-07-30T19:29:09.000Z,34,10-Q,001-36743,201062122,,11076413,1,1,aapl-20200627.htm,10-Q,AAPL,0000320193
0000320193-20-000060,2020-07-30,2020-07-30,2020-07-30T18:55:04.000Z,34,8-K,001-36743,201061591,"2.02,9.01",628978,1,1,aapl-20200730.htm,8-K,AAPL,0000320193
0001193125-20-139112,2020-05-11,2020-05-04,2020-05-11T16:31:15.000Z,34,8-K,001-36743,20865313,"8.01,9.01",771520,1,1,d926511d8k.htm,8-K,AAPL,0000320193
0000320193-20-000052,2020-05-01,2020-03-28,2020-04-30T18:03:10.000Z,34,10-Q,001-36743,20837377,,10648806,1,1,a10-qq220203282020.htm,10-Q,AAPL,0000320193
0000320193-20-000050,2020-04-30,2020-04-30,2020-04-30T16:30:41.000Z,34,8-K,001-36743,20836131,"2.02,9.01",593101,1,1,a8-kq220203282020.htm,8-K,AAPL,0000320193
0001193125-20-050884,2020-02-27,2020-02-26,2020-02-27T06:14:21.000Z,34,8-K,001-36743,20658351,5.07,329670,1,1,d865740d8k.htm,8-K,AAPL,0000320193
0001193125-20-039203,2020-02-18,2020-02-17,2020-02-18T06:24:57.000Z,34,8-K,001-36743,20623292,"7.01,9.01",310140,1,1,d845033d8k.htm,FORM 8-K,AAPL,0000320193
0000320193-20-000010,2020-01-29,2019-12-28,2020-01-28T18:02:44.000Z,34,10-Q,001-36743,20555794,,9292589,1,1,a10-qq1202012282019.htm,10-Q,AAPL,0000320193
0000320193-20-000008,2020-01-28,2020-01-28,2020-01-28T16:30:40.000Z,34,8-K,001-36743,20554729,"2.02,9.01",531866,1,1,a8-kq1202012282019.htm,8-K,AAPL,0000320193
0001193125-19-292676,2019-11-15,2019-11-07,2019-11-15T06:02:24.000Z,34,8-K,001-36743,191222355,"8.01,9.01",645929,1,1,d828969d8k.htm,8-K,AAPL,0000320193
0000320193-19-000119,2019-10-31,2019-09-28,2019-10-30T18:12:36.000Z,34,10-K,001-36743,191181423,,12861616,1,1,a10-k20199282019.htm,10-K,AAPL,0000320193
0000320193-19-000117,2019-10-30,2019-10-30,2019-10-30T16:30:40.000Z,34,8-K,001-36743,191180631,"2.02,9.01",576416,1,1,a8-kq420199282019.htm,8-K,AAPL,0000320193
0000320193-19-000093,2019-09-13,2019-09-10,2019-09-13T17:15:36.000Z,34,8-K,001-36743,191093220,5.02,295855,1,1,a8-kseptember201991019.htm,8-K,AAPL,0000320193
0001193125-19-242975,2019-09-11,2019-09-04,2019-09-11T16:21:21.000Z,34,8-K,001-36743,191088535,"8.01,9.01",777725,1,1,d777124d8k.htm,8-K,AAPL,0000320193
0000320193-19-000076,2019-07-31,2019-06-29,2019-07-31T16:31:53.000Z,34,10-Q,001-36743,19989192,,10526242,1,1,a10-qq320196292019.htm,10-Q,AAPL,0000320193
0000320193-19-000073,2019-07-30,2019-07-30,2019-07-30T16:30:36.000Z,34,8-K,001-36743,19985848,"2.02,9.01",303265,0,0,a8-kq320196292019.htm,8-K,AAPL,0000320193
0000320193-19-000066,2019-05-01,2019-03-30,2019-05-01T16:32:00.000Z,34,10-Q,001-36743,19788072,,10459511,1,1,a10-qq220193302019.htm,10-Q,AAPL,0000320193
0000320193-19-000063,2019-04-30,2019-04-30,2019-04-30T16:30:16.000Z,34,8-K,001-36743,19782221,"2.02,9.01",289828,0,0,a8-kq220193302019.htm,8-K,AAPL,0000320193
0000320193-19-000032,2019-03-04,2019-03-01,2019-03-04T16:32:18.000Z,34,8-K,001-36743,19654221,5.07,66912,0,0,copyofreference8-kform8xkq.htm,8-K,AAPL,0000320193
0000320193-19-000026,2019-02-06,2019-02-05,2019-02-06T08:00:34.000Z,34,8-K,001-36743,19569878,5.02,29021,0,0,a8-kfebruary2019252019.htm,8-K,AAPL,0000320193
0000320193-19-000010,2019-01-30,2018-12-29,2019-01-30T16:31:37.000Z,34,10-Q,001-36743,19552275,,8176346,1,0,a10-qq1201912292018.htm,10-Q,AAPL,0000320193
0000320193-19-000007,2019-01-29,2019-01-29,2019-01-29T16:30:18.000Z,34,8-K,001-36743,19549017,"2.02,9.01",228420,0,0,a8-kq1201912292018.htm,8-K,AAPL,0000320193
0000320193-19-000002,2019-01-02,2019-01-02,2019-01-02T16:30:03.000Z,34,8-K,001-36743,19502044,"2.02,9.01",66912,0,0,a8-kjanuary2019122019.htm,8-K,AAPL,0000320193
0000320193-18-000145,2018-11-05,2018-09-29,2018-11-05T08:01:40.000Z,34,10-K,001-36743,181158788,,12275572,1,0,a10-k20189292018.htm,10-K,AAPL,0000320193
0000320193-18-000142,2018-11-01,2018-11-01,2018-11-01T16:30:21.000Z,34,8-K,001-36743,181154184,"2.02,9.01",406936,0,0,a8-kq420189292018.htm,8-K,AAPL,0000320193
0000320193-18-000100,2018-08-01,2018-06-30,2018-08-01T16:31:48.000Z,34,10-Q,001-36743,18985212,,9373238,1,0,a10-qq320186302018.htm,10-Q,AAPL,0000320193
0000320193-18-000098,2018-07-31,2018-07-31,2018-07-31T16:30:20.000Z,34,8-K,001-36743,18981493,"2.02,9.01",401168,0,0,a8-kq320186302018.htm,8-K,AAPL,0000320193
0001193125-18-154948,2018-05-08,2018-04-30,2018-05-07T21:31:32.000Z,34,8-K/A,001-36743,18812776,8.01,15610,0,0,d563832d8ka.htm,AMENDMENT NO. 1 TO FORM 8-K,AAPL,0000320193
0001193125-18-154515,2018-05-07,2018-04-30,2018-05-07T16:30:56.000Z,34,8-K,001-36743,18811649,"8.01,9.01",113486,0,0,d563832d8k.htm,FORM 8-K,AAPL,0000320193
0000320193-18-000070,2018-05-02,2018-03-31,2018-05-02T16:32:12.000Z,34,10-Q,001-36743,18800115,,9743668,1,0,a10-qq220183312018.htm,10-Q,AAPL,0000320193
0000320193-18-000067,2018-05-01,2018-05-01,2018-05-01T16:30:17.000Z,34,8-K,001-36743,18795935,"2.02,9.01",401862,0,0,a8-kq220183312018.htm,8-K,AAPL,0000320193
0001193125-18-045761,2018-02-14,2018-02-13,2018-02-14T16:54:21.000Z,34,8-K,001-36743,18613111,"5.07,9.01",115640,0,0,d374908d8k.htm,FORM 8-K,AAPL,0000320193
0000320193-18-000007,2018-02-02,2017-12-30,2018-02-02T08:01:26.000Z,34,10-Q,001-36743,18568703,,8606471,1,0,a10-qq1201812302017.htm,10-Q,AAPL,0000320193
0000320193-18-000005,2018-02-01,2018-02-01,2018-02-01T16:30:17.000Z,34,8-K,001-36743,18567220,"2.02,9.01",363574,0,0,a8-kq1201812302017.htm,8-K,AAPL,0000320193
0001193125-17-341015,2017-11-13,2017-11-06,2017-11-13T16:44:57.000Z,34,8-K,001-36743,171196609,"8.01,9.01",521659,0,0,d478060d8k.htm,FORM 8-K,AAPL,0000320193
0000320193-17-000070,2017-11-03,2017-09-30,2017-11-03T08:01:37.000Z,34,10-K,001-36743,171174673,,14071062,1,0,a10-k20179302017.htm,10-K,AAPL,0000320193
0000320193-17-000067,2017-11-02,2017-11-02,2017-11-02T16:30:16.000Z,34,8-K,001-36743,171172828,"2.02,9.01",408009,0,0,a8-kq420179302017.htm,8-K,AAPL,0000320193
0001193125-17-308859,2017-10-12,2017-10-06,2017-10-12T16:31:33.000Z,34,8-K,001-36743,171134765,5.02,15342,0,0,d386231d8k.htm,FORM 8-K,AAPL,0000320193
0001193125-17-282809,2017-09-12,2017-09-05,2017-09-12T16:45:59.000Z,34,8-K,001-36743,171081538,"8.01,9.01",394801,0,0,d434478d8k.htm,FORM 8-K,AAPL,0000320193
0001193125-17-262261,2017-08-18,2017-08-15,2017-08-18T16:30:58.000Z,34,8-K,001-36743,171041380,"8.01,9.01",317550,0,0,d593893d8k.htm,FORM 8-K,AAPL,0000320193
0000320193-17-000009,2017-08-02,2017-07-01,2017-08-02T16:31:28.000Z,34,10-Q,001-36743,171000359,,10155269,1,0,a10-qq32017712017.htm,10-Q,AAPL,0000320193
0000320193-17-000006,2017-08-01,2017-08-01,2017-08-01T16:30:15.000Z,34,8-K,001-36743,17997093,"2.02,9.01",406208,1,1,a8-kq32017712017.htm,8-K,AAPL,0000320193
0001193125-17-208226,2017-06-20,2017-06-13,2017-06-20T16:36:33.000Z,34,8-K,001-36743,17921171,"8.01,9.01",217479,0,0,d413980d8k.htm,FORM 8-K,AAPL,0000320193
0001193125-17-181867,2017-05-24,2017-05-17,2017-05-24T17:19:03.000Z,34,8-K,001-36743,17867578,"8.01,9.01",309745,0,0,d583637d8k.htm,FORM 8-K,AAPL,0000320193
0001193125-17-167400,2017-05-11,2017-05-04,2017-05-11T16:56:33.000Z,34,8-K,001-36743,17835158,"8.01,9.01",514921,0,0,d388721d8k.htm,FORM 8-K,AAPL,0000320193
0001628280-17-004790,2017-05-03,2017-04-01,2017-05-03T16:32:23.000Z,34,10-Q,001-36743,17809653,,9684229,1,0,a10-qq22017412017.htm,10-Q,AAPL,0000320193
0001628280-17-004663,2017-05-02,2017-05-02,2017-05-02T16:31:37.000Z,34,8-K,001-36743,17805508,"2.02,9.01",430016,0,0,a8-kq22017412017.htm,8-K,AAPL,0000320193
0001193125-17-069853,2017-03-03,2017-02-14,2017-03-03T16:36:03.000Z,34,8-K,001-36743,17664239,"8.01,9.01",234543,0,0,d348450d8k.htm,FORM 8-K,AAPL,0000320193
0001193125-17-064019,2017-03-01,2017-02-28,2017-03-01T09:00:56.000Z,34,8-K,001-36743,17651574,5.07,49026,0,0,d342218d8k.htm,FORM 8-K,AAPL,0000320193
0001193125-17-036283,2017-02-09,2017-02-02,2017-02-09T17:02:03.000Z,34,8-K,001-36743,17588362,"8.01,9.01",675606,0,0,d340350d8k.htm,FORM 8-K,AAPL,0000320193
0001628280-17-000717,2017-02-01,2016-12-31,2017-02-01T16:33:29.000Z,34,10-Q,001-36743,17565317,,8206325,1,0,a10-qq1201712312016.htm,10-Q,AAPL,0000320193
0001628280-17-000663,2017-01-31,2017-01-31,2017-01-31T16:31:02.000Z,34,8-K,001-36743,17561519,"2.02,9.01",390102,0,0,a8-kq1201712312016.htm,8-K,AAPL,0000320193
0001628280-16-022047,2016-12-15,2016-12-13,2016-12-15T16:54:42.000Z,34,8-K,001-36743,162054250,"5.03,9.01",248948,0,0,form8-k121316.htm,8-K,AAPL,0000320193
0001628280-16-020309,2016-10-26,2016-09-24,2016-10-26T16:42:16.000Z,34,10-K,001-36743,161953070,,13277662,1,0,a201610-k9242016.htm,10-K,AAPL,0000320193
0001628280-16-020258,2016-10-25,2016-10-25,2016-10-25T16:32:39.000Z,34,8-K,001-36743,161950726,"2.02,9.01",430402,0,0,a8-kq420169242016.htm,8-K,AAPL,0000320193
0001193125-16-672044,2016-08-04,2016-07-28,2016-08-04T17:26:33.000Z,34,8-K,001-36743,161808515,"8.01,9.01",447294,0,0,d234980d8k.htm,FORM 8-K,AAPL,0000320193
0001628280-16-017809,2016-07-27,2016-06-25,2016-07-27T16:32:36.000Z,34,10-Q,001-36743,161787078,,9797615,1,0,a10-qq320166252016.htm,10-Q,AAPL,0000320193
0001628280-16-017762,2016-07-26,2016-07-26,2016-07-26T16:30:55.000Z,34,8-K,001-36743,161784653,"2.02,9.01",424534,0,0,a8-kq320166252016.htm,8-K,AAPL,0000320193
0001193125-16-628957,2016-06-22,2016-06-07,2016-06-22T16:31:03.000Z,34,8-K,001-36743,161726856,"8.01,9.01",242745,0,0,d209946d8k.htm,FORM 8-K,AAPL,0000320193
0001193125-16-559625,2016-04-27,2016-03-26,2016-04-27T16:32:53.000Z,34,10-Q,001-36743,161595799,,6290156,1,0,d165350d10q.htm,10-Q,AAPL,0000320193
0001193125-16-556520,2016-04-26,2016-04-26,2016-04-26T16:31:09.000Z,34,8-K,001-36743,161592349,"2.02,9.01",162435,1,0,d325078d8k.htm,FORM 8-K,AAPL,0000320193
0001193125-16-516891,2016-03-24,2016-03-17,2016-03-24T16:13:11.000Z,34,8-K,001-36743,161527208,"8.01,9.01",324325,0,0,d161597d8k.htm,FORM 8-K,AAPL,0000320193
0001193125-16-488223,2016-03-01,2016-02-26,2016-03-01T16:32:05.000Z,34,8-K,001-36743,161473818,"5.02,5.07,9.01",156160,0,0,d150918d8k.htm,FORM 8-K,AAPL,0000320193
0001193125-16-473562,2016-02-23,2016-02-16,2016-02-23T16:13:37.000Z,34,8-K,001-36743,161448489,"8.01,9.01",618263,0,0,d143184d8k.htm,8-K,AAPL,0000320193
0001193125-16-439878,2016-01-27,2015-12-26,2016-01-27T16:32:03.000Z,34,10-Q,001-36743,161365395,,5367146,1,0,d66145d10q.htm,FORM 10-Q,AAPL,0000320193
0001193125-16-438421,2016-01-26,2016-01-26,2016-01-26T16:31:06.000Z,34,8-K,001-36743,161361839,"2.02,9.01",693189,0,0,d22806d8k.htm,FORM 8-K,AAPL,0000320193
0001193125-15-410853,2015-12-22,2015-12-21,2015-12-22T16:33:05.000Z,34,8-K,001-36743,151302514,"5.03,9.01",193396,0,0,d55543d8k.htm,8-K,AAPL,0000320193
0001193125-15-406279,2015-12-17,2015-12-16,2015-12-17T16:30:59.000Z,34,8-K,001-36743,151294008,5.02,14852,0,0,d107635d8k.htm,8-K,AAPL,0000320193
0001193125-15-356351,2015-10-28,2015-09-26,2015-10-28T16:31:09.000Z,34,10-K,001-36743,151180619,,9594425,1,0,d17062d10k.htm,FORM 10-K,AAPL,0000320193
0001193125-15-354756,2015-10-27,2015-10-27,2015-10-27T16:30:36.000Z,34,8-K,001-36743,151178125,"2.02,9.01",153314,0,0,d74332d8k.htm,8-K,AAPL,0000320193
0001193125-15-336615,2015-10-02,2015-10-01,2015-10-02T16:30:10.000Z,34,8-K,001-36743,151140741,5.02,15305,0,0,d10101d8k.htm,FORM 8-K,AAPL,0000320193
0001193125-15-322466,2015-09-17,2015-09-10,2015-09-17T16:31:39.000Z,34,8-K,001-36743,151112559,"8.01,9.01",284884,0,0,d31615d8k.htm,8-K,AAPL,0000320193
0001193125-15-273023,2015-07-31,2015-07-24,2015-07-31T16:35:41.000Z,34,8-K,001-36743,151019763,"8.01,9.01",295730,0,0,d12789d8k.htm,FORM 8-K,AAPL,0000320193
0001193125-15-259935,2015-07-22,2015-06-27,2015-07-22T17:01:17.000Z,34,10-Q,001-36743,151000501,,6580324,1,0,d927922d10q.htm,FORM 10-Q,AAPL,0000320193
0001193125-15-258464,2015-07-21,2015-07-21,2015-07-21T16:30:58.000Z,34,8-K,001-36743,15998142,"2.02,9.01",149986,0,0,d927923d8k.htm,FORM 8-K,AAPL,0000320193
0001193125-15-219298,2015-06-10,2015-06-03,2015-06-10T16:05:10.000Z,34,8-K,001-36743,15923574,"8.01,9.01",193764,0,0,d938654d8k.htm,FORM 8-K,AAPL,0000320193
0001193125-15-186064,2015-05-13,2015-05-06,2015-05-13T17:07:42.000Z,34,8-K,001-36743,15859218,"8.01,9.01",478712,0,0,d923398d8k.htm,FORM 8-K,AAPL,0000320193
0001193125-15-153166,2015-04-28,2015-03-28,2015-04-28T17:01:16.000Z,34,10-Q,001-36743,15799362,,8633862,1,0,d892246d10q.htm,10-Q,AAPL,0000320193
0001193125-15-149607,2015-04-27,2015-04-27,2015-04-27T16:33:36.000Z,34,8-K,001-36743,15795543,"7.01,9.01",27911,0,0,d914157d8k.htm,FORM 8-K,AAPL,0000320193
0001193125-15-149590,2015-04-27,2015-04-27,2015-04-27T16:30:42.000Z,34,8-K,001-36743,15795493,"2.02,9.01",151454,0,0,d901296d8k.htm,FORM 8-K,AAPL,0000320193
0001104659-15-019336,2015-03-13,2015-03-10,2015-03-13T06:00:34.000Z,34,8-K,001-36743,15697620,"5.07,9.01",207059,0,0,a15-5624_18k.htm,8-K,AAPL,0000320193
0001193125-15-039270,2015-02-09,2015-02-02,2015-02-09T16:53:06.000Z,34,8-K,001-36743,15589180,"8.01,9.01",394923,0,0,d868302d8k.htm,8-K,AAPL,0000320193
0001193125-15-023732,2015-01-28,2015-01-28,2015-01-28T16:48:46.000Z,34,8-K,001-36743,15555430,"8.01,9.01",11968495,1,0,d835617d8k.htm,8-K,AAPL,0000320193
0001193125-15-023697,2015-01-28,2014-12-27,2015-01-28T16:39:32.000Z,34,10-Q,001-36743,15555294,,7838312,1,0,d835533d10q.htm,10-Q,AAPL,0000320193
0001193125-15-021857,2015-01-27,2015-01-27,2015-01-27T16:31:00.000Z,34,8-K,001-36743,15552085,"2.02,9.01",143408,0,0,d835619d8k.htm,FORM 8-K,AAPL,0000320193
0001193125-14-406296,2014-11-10,2014-11-04,2014-11-10T17:05:54.000Z,34,8-K,000-10030,141209609,"8.01,9.01",295071,0,0,d816414d8k.htm,FORM 8-K,AAPL,0000320193
0001193125-14-383437,2014-10-27,2014-09-27,2014-10-27T17:11:55.000Z,34,10-K,000-10030,141175110,,12082626,1,0,d783162d10k.htm,10-K,AAPL,0000320193
0001193125-14-376361,2014-10-20,2014-10-20,2014-10-20T16:30:39.000Z,34,8-K,000-10030,141164188,"2.02,9.01",168003,0,0,d806538d8k.htm,8-K,AAPL,0000320193
0001193125-14-277193,2014-07-23,2014-07-23,2014-07-23T16:44:58.000Z,34,8-K,000-10030,14989234,"8.01,9.01",29804,0,0,d757212d8k.htm,FORM 8-K,AAPL,0000320193
0001193125-14-277160,2014-07-23,2014-06-28,2014-07-23T16:32:48.000Z,34,10-Q,000-10030,14989142,,9545320,1,0,d740164d10q.htm,10-Q,AAPL,0000320193
0001193125-14-275598,2014-07-22,2014-07-22,2014-07-22T16:31:08.000Z,34,8-K,000-10030,14986891,"2.02,9.01",212673,0,0,d760213d8k.htm,8-K,AAPL,0000320193
0001193125-14-271698,2014-07-17,2014-07-15,2014-07-17T16:39:12.000Z,34,8-K,000-10030,14980728,5.02,14531,0,0,d758295d8k.htm,8-K,AAPL,0000320193
0001193125-14-228798,2014-06-06,2014-06-06,2014-06-06T16:31:06.000Z,34,8-K,000-10030,14896955,"5.03,9.01",21363,0,0,d739696d8k.htm,FORM 8-K,AAPL,0000320193
0001181431-14-021923,2014-05-30,2014-05-29,2014-05-30T17:23:51.000Z,34,8-K,000-10030,14881425,5.02,13670,0,0,rrd410610.htm,"CURRENT REPORT, ITEM 5.02",AAPL,0000320193
0001193125-14-184969,2014-05-06,2014-04-29,2014-05-06T16:30:11.000Z,34,8-K,000-10030,14817467,"8.01,9.01",513624,0,0,d721207d8k.htm,8-K,AAPL,0000320193
0001193125-14-157311,2014-04-24,2014-03-29,2014-04-24T17:02:12.000Z,34,10-Q,000-10030,14782284,,8315535,1,0,d694710d10q.htm,10-Q,AAPL,0000320193
0001193125-14-154883,2014-04-23,2014-04-23,2014-04-23T16:33:38.000Z,34,8-K,000-10030,14779103,"7.01,9.01",26214,0,0,d715379d8k.htm,FORM 8-K,AAPL,0000320193
0001193125-14-154871,2014-04-23,2014-04-23,2014-04-23T16:31:38.000Z,34,8-K,000-10030,14779088,"2.02,9.01",213125,0,0,d715148d8k.htm,FORM 8-K,AAPL,0000320193
0001193125-14-084697,2014-03-05,2014-02-28,2014-03-05T17:01:29.000Z,34,8-K,000-10030,14670080,"5.02,5.03,5.07,9.01",367759,0,0,d684095d8k.htm,8-K,AAPL,0000320193
0001193125-14-024487,2014-01-28,2013-12-28,2014-01-28T17:07:27.000Z,34,10-Q,000-10030,14553777,,7520647,1,0,d644622d10q.htm,10-Q,AAPL,0000320193
0001193125-14-022238,2014-01-27,2014-01-27,2014-01-27T16:31:33.000Z,34,8-K,000-10030,14549283,"2.02,9.01",194622,0,0,d652772d8k.htm,8-K,AAPL,0000320193
0001193125-13-416534,2013-10-30,2013-09-28,2013-10-29T20:38:28.000Z,34,10-K,000-10030,131177575,,11043722,1,0,d590790d10k.htm,FORM 10-K,AAPL,0000320193
0001193125-13-413498,2013-10-28,2013-10-28,2013-10-28T16:31:08.000Z,34,8-K,000-10030,131173425,"2.02,9.01",213468,0,0,d617270d8k.htm,8-K,AAPL,0000320193
0001181431-13-050140,2013-09-23,2013-09-23,2013-09-23T08:45:46.000Z,34,8-K,000-10030,131109173,8.01,12424,0,0,rrd391079.htm,FORM 8-K,AAPL,0000320193
0001181431-13-041847,2013-07-30,2013-07-25,2013-07-30T16:36:35.000Z,34,8-K,000-10030,13996343,5.02,11650,0,0,rrd386884.htm,ITEM 502,AAPL,0000320193
0001193125-13-300670,2013-07-24,2013-06-29,2013-07-24T17:02:02.000Z,34,10-Q,000-10030,13984130,,10337808,1,0,d552802d10q.htm,FORM 10-Q,AAPL,0000320193
0001193125-13-298914,2013-07-23,2013-07-23,2013-07-23T16:30:58.000Z,34,8-K,000-10030,13981674,"2.02,9.01",209698,0,0,d571814d8k.htm,FORM 8-K,AAPL,0000320193
0001193125-13-267629,2013-06-21,2013-06-21,2013-06-21T17:16:35.000Z,34,8-K,000-10030,13927974,5.02,63976,0,0,d556626d8k.htm,FORM 8-K,AAPL,0000320193
0001193125-13-199324,2013-05-03,2013-04-30,2013-05-03T16:47:01.000Z,34,8-K,000-10030,13813281,"8.01,9.01",429082,0,0,d529124d8k.htm,FORM 8-K,AAPL,0000320193
0001193125-13-170623,2013-04-24,2013-04-24,2013-04-24T17:05:42.000Z,34,8-K,000-10030,13779959,"8.01,9.01",9775825,1,0,d515445d8k.htm,FORM 8-K,AAPL,0000320193
0001193125-13-168288,2013-04-24,2013-03-30,2013-04-23T21:29:23.000Z,34,10-Q,000-10030,13777542,,6521259,1,0,d501596d10q.htm,10-Q,AAPL,0000320193
0001193125-13-167469,2013-04-23,2013-04-23,2013-04-23T16:32:57.000Z,34,8-K,000-10030,13776856,"7.01,9.01",27069,0,0,d525706d8k.htm,8-K,AAPL,0000320193
0001193125-13-167458,2013-04-23,2013-04-23,2013-04-23T16:31:10.000Z,34,8-K,000-10030,13776839,"2.02,9.01",212107,0,0,d525779d8k.htm,FORM 8-K,AAPL,0000320193
0001193125-13-085842,2013-03-01,2013-02-27,2013-03-01T06:14:55.000Z,34,8-K,000-10030,13654649,5.07,38712,0,0,d493940d8k.htm,FORM 8-K,AAPL,0000320193
0001193125-13-022339,2013-01-24,2012-12-29,2013-01-24T17:01:37.000Z,34,10-Q,000-10030,13546136,,5826231,1,0,d453687d10q.htm,FORM 10-Q,AAPL,0000320193
0001193125-13-020783,2013-01-23,2013-01-23,2013-01-23T16:31:00.000Z,34,8-K,000-10030,13543110,"2.02,9.01",194541,0,0,d453749d8k.htm,FORM 8-K,AAPL,0000320193
0001193125-12-444068,2012-10-31,2012-09-29,2012-10-31T17:07:19.000Z,34,10-K,000-10030,121171452,,9859755,1,0,d411355d10k.htm,FORM 10-K,AAPL,0000320193
0001193125-12-435506,2012-10-25,2012-10-25,2012-10-25T16:31:16.000Z,34,8-K,000-10030,121161784,"2.02,9.01",224448,0,0,d429806d8k.htm,FORM 8-K,AAPL,0000320193
0001193125-12-314552,2012-07-25,2012-06-30,2012-07-25T16:39:39.000Z,34,10-Q,000-10030,12979262,,6511422,1,0,d365704d10q.htm,FORM 10-Q,AAPL,0000320193
0001193125-12-312355,2012-07-24,2012-07-24,2012-07-24T16:31:04.000Z,34,8-K,000-10030,12976888,"2.02,9.01",224807,0,0,d383855d8k.htm,FORM 8-K,AAPL,0000320193
0001181431-12-038301,2012-06-28,2012-06-28,2012-06-28T16:31:24.000Z,34,8-K,000-10030,12932941,5.02,11611,0,0,rrd349607.htm,,AAPL,0000320193
0001181431-12-032458,2012-05-24,2012-05-24,2012-05-24T17:16:08.000Z,34,8-K,000-10030,12868497,5.02,13591,0,0,rrd346000.htm,,AAPL,0000320193
0001193125-12-182321,2012-04-25,2012-03-31,2012-04-25T17:01:16.000Z,34,10-Q,000-10030,12780280,,7515591,1,0,d297069d10q.htm,FORM 10-Q,AAPL,0000320193
0001193125-12-178928,2012-04-24,2012-04-24,2012-04-24T16:30:55.000Z,34,8-K,000-10030,12776355,"2.02,9.01",222672,0,0,d339184d8k.htm,FORM 8-K,AAPL,0000320193
0001193125-12-081892,2012-02-27,2012-02-23,2012-02-27T17:01:04.000Z,34,8-K,000-10030,12642833,5.07,40507,0,0,d307369d8k.htm,FORM 8-K,AAPL,0000320193
0001193125-12-023398,2012-01-25,2011-12-31,2012-01-25T16:42:11.000Z,34,10-Q,000-10030,12545140,,5485594,1,0,d267587d10q.htm,FORM 10-Q,AAPL,0000320193
0001193125-12-021833,2012-01-24,2012-01-24,2012-01-24T16:30:34.000Z,34,8-K,000-10030,12542308,"2.02,9.01",200837,0,0,d287503d8k.htm,FORM 8-K,AAPL,0000320193
0001181431-11-056354,2011-11-16,2011-11-15,2011-11-16T06:04:08.000Z,34,8-K,000-10030,111208666,5.02,12623,0,0,rrd325897.htm,,AAPL,0000320193
0001193125-11-282113,2011-10-26,2011-09-24,2011-10-26T16:35:25.000Z,34,10-K,000-10030,111159350,,9435428,1,0,d220209d10k.htm,FORM 10-K,AAPL,0000320193
0001193125-11-273826,2011-10-18,2011-10-18,2011-10-18T16:31:02.000Z,34,8-K,000-10030,111146020,"2.02,9.01",219687,0,0,d244527d8k.htm,FORM 8-K,AAPL,0000320193
0001181431-11-051976,2011-10-06,2011-10-05,2011-10-06T06:29:36.000Z,34,8-K,000-10030,111128218,8.01,13631,0,0,rrd323437.htm,,AAPL,0000320193
0001181431-11-047179,2011-08-26,2011-08-24,2011-08-26T17:07:55.000Z,34,8-K,000-10030,111060639,5.02,13278,0,0,rrd320651.htm,,AAPL,0000320193
0001193125-11-192493,2011-07-20,2011-06-25,2011-07-20T16:32:13.000Z,34,10-Q,000-10030,11977855,,6240043,1,0,d10q.htm,FORM 10-Q,AAPL,0000320193
0001193125-11-191368,2011-07-19,2011-07-19,2011-07-19T16:29:56.000Z,34,8-K,000-10030,11975493,"2.02,9.01",216929,0,0,d8k.htm,FORM 8-K,AAPL,0000320193
0001181431-11-036782,2011-06-15,2011-06-12,2011-06-15T17:12:37.000Z,34,8-K,000-10030,11913478,5.02,11570,0,0,rrd315219.htm,R. JOHNSON,AAPL,0000320193
0001193125-11-104388,2011-04-21,2011-03-26,2011-04-21T06:13:41.000Z,34,10-Q,000-10030,11771917,,7192927,1,0,d10q.htm,FORM 10-Q,AAPL,0000320193
0001193125-11-103732,2011-04-20,2011-04-20,2011-04-20T16:30:30.000Z,34,8-K,000-10030,11770903,"2.02,9.01",215531,0,0,d8k.htm,FORM 8-K,AAPL,0000320193
0001193125-11-045411,2011-02-24,2011-02-23,2011-02-24T16:33:38.000Z,34,8-K,000-10030,11636734,5.07,34200,0,0,d8k.htm,CURRENT REPORT ON FORM 8-K,AAPL,0000320193
0001193125-11-010144,2011-01-19,2010-12-25,2011-01-19T16:33:29.000Z,34,10-Q,000-10030,11536124,,6929981,1,0,d10q.htm,"FOR THE QUARTERLY PERIOD ENDED DECEMBER 25, 2010",AAPL,0000320193
0001193125-11-009392,2011-01-18,2011-01-18,2011-01-18T16:30:27.000Z,34,8-K,000-10030,11533532,"2.02,9.01",196158,0,0,d8k.htm,CURRENT REPORT ON FORM 8-K,AAPL,0000320193
0001181431-11-003847,2011-01-18,2011-01-17,2011-01-18T06:19:03.000Z,34,8-K,000-10030,11531716,5.02,15840,0,0,rrd297847.htm,FORM 8-K: APPLE MEDIA ADVISORY,AAPL,0000320193
0001181431-10-056327,2010-11-17,2010-11-16,2010-11-17T17:27:46.000Z,34,8-K,000-10030,101200634,"5.02,5.03,9.01",105315,0,0,rrd291195.htm,5.02 DIRECTOR APPOINTMENT; 5.03 BYLAWS AMENDMENT,AAPL,0000320193
0001193125-10-238044,2010-10-27,2010-09-25,2010-10-27T16:36:21.000Z,34,10-K,000-10030,101145250,,13856661,1,0,d10k.htm,"FOR THE FISCAL YEAR ENDED SEPTEMBER 25, 2010",AAPL,0000320193
0001193125-10-230992,2010-10-18,2010-10-18,2010-10-18T16:29:51.000Z,34,8-K,000-10030,101128326,"2.02,9.01",196894,0,0,d8k.htm,FORM 8-K,AAPL,0000320193
0001193125-10-162840,2010-07-21,2010-06-26,2010-07-21T16:37:45.000Z,34,10-Q,000-10030,10962699,,9042368,1,0,d10q.htm,FORM 10-Q,AAPL,0000320193
0001193125-10-161807,2010-07-20,2010-07-20,2010-07-20T16:33:28.000Z,34,8-K,000-10030,10960735,"2.02,9.01",179889,0,0,d8k.htm,FORM 8-K,AAPL,0000320193
0001193125-10-088957,2010-04-21,2010-03-27,2010-04-21T16:39:23.000Z,34,10-Q,000-10030,10762128,,3005122,1,0,d10q.htm,FORM 10-Q,AAPL,0000320193
0001193125-10-087786,2010-04-20,2010-04-20,2010-04-20T16:30:00.000Z,34,8-K,000-10030,10759660,"2.02,9.01",174996,0,0,d8k.htm,CURRENT REPORT ON FORM 8-K,AAPL,0000320193
0001181431-10-016054,2010-03-12,2010-03-10,2010-03-12T16:39:35.000Z,34,8-K,000-10030,10678264,5.02,12684,0,0,rrd269693.htm,FORM 8-K; T. COOK BONUS,AAPL,0000320193
0001193125-10-044765,2010-03-01,2010-02-25,2010-03-01T16:31:42.000Z,34,8-K,000-10030,10644959,"5.02,5.07,9.01",177359,0,0,d8k.htm,FORM 8-K,AAPL,0000320193
0001193125-10-012096,2010-01-25,2010-01-25,2010-01-25T16:27:45.000Z,34,8-K,000-10030,10545067,"2.02,9.01",1663519,0,0,d8k.htm,FORM 8-K,AAPL,0000320193
0001193125-10-012091,2010-01-25,2009-09-26,2010-01-25T16:25:58.000Z,34,10-K/A,000-10030,10545024,,5066790,1,0,d10ka.htm,AMENDMENT NO. 1 TO FORM 10-K,AAPL,0000320193
0001193125-10-012085,2010-01-25,2009-12-26,2010-01-25T16:23:57.000Z,34,10-Q,000-10030,10545012,,2683397,1,0,d10q.htm,FORM 10-Q,AAPL,0000320193
0001193125-09-214859,2009-10-27,2009-09-26,2009-10-27T16:18:29.000Z,34,10-K,000-10030,091139493,,3638340,1,0,d10k.htm,"FOR THE FISCAL YEAR ENDED SEPTEMBER 26, 2009",AAPL,0000320193
0001193125-09-209633,2009-10-19,2009-10-19,2009-10-19T16:29:43.000Z,34,8-K,000-10030,091126164,"2.02,9.01",235205,0,0,d8k.htm,FORM 8-K,AAPL,0000320193
0001181431-09-037492,2009-08-04,2009-07-31,2009-08-03T21:43:42.000Z,34,8-K,000-10030,09981503,5.02,11952,0,0,rrd249632.htm,FORM 8-K; E. SCHMIDT RESIGNATION,AAPL,0000320193
0001193125-09-153165,2009-07-22,2009-06-27,2009-07-22T16:41:33.000Z,34,10-Q,000-10030,09957443,,2383672,1,0,d10q.htm,QUARTERLY REPORT ON FORM 10-Q,AAPL,0000320193
0001193125-09-152290,2009-07-21,2009-07-21,2009-07-21T16:29:42.000Z,34,8-K,000-10030,09955313,"2.02,9.01",210677,0,0,d8k.htm,FORM 8-K,AAPL,0000320193
0001181431-09-028400,2009-06-02,2009-05-27,2009-06-02T17:02:46.000Z,34,8-K,000-10030,09868986,5.03,99371,0,0,rrd244383.htm,,AAPL,0000320193
0001193125-09-087629,2009-04-27,2009-03-28,2009-04-27T06:12:28.000Z,34,10-Q/A,000-10030,09771032,,44783,0,0,d10qa.htm,AMENDMENT NO.1 TO FORM 10-Q,AAPL,0000320193
0001193125-09-085781,2009-04-23,2009-03-28,2009-04-23T16:12:31.000Z,34,10-Q,000-10030,09766784,,903271,0,0,d10q.htm,"FOR THE QUARTERLY PERIOD ENDED MARCH 28, 2009",AAPL,0000320193
0001193125-09-084599,2009-04-22,2009-04-22,2009-04-22T16:29:53.000Z,34,8-K,000-10030,09764127,"2.02,9.01",204445,0,0,d8k.htm,FORM 8-K,AAPL,0000320193
0001181431-09-012161,2009-02-27,2009-02-26,2009-02-27T16:30:39.000Z,34,8-K,000-10030,09643444,4.01,17712,0,0,rrd235666.htm,FORM 8-K; ITEM 4.01,AAPL,0000320193
0001193125-09-009937,2009-01-23,2008-12-27,2009-01-22T21:45:14.000Z,34,10-Q,000-10030,09540297,,691269,0,0,d10q.htm,FORM 10-Q,AAPL,0000320193
0001193125-09-009009,2009-01-21,2009-01-21,2009-01-21T16:29:54.000Z,34,8-K,000-10030,09536911,"2.02,9.01",188610,0,0,d8k.htm,FORM 8-K,AAPL,0000320193
0001181431-09-003017,2009-01-16,2009-01-14,2009-01-16T06:13:16.000Z,34,8-K,000-10030,09529720,5.02,16559,0,0,rrd229456.htm,FORM 8-K: APPLE MEDIA ADVISORY,AAPL,0000320193
0001193125-08-224958,2008-11-05,2008-09-27,2008-11-05T06:16:23.000Z,34,10-K,000-10030,081162315,,1188704,0,0,d10k.htm,FORM 10-K,AAPL,0000320193
0001193125-08-213642,2008-10-21,2008-10-21,2008-10-21T16:40:46.000Z,34,8-K,000-10030,081133709,"2.02,9.01",209395,0,0,d8k.htm,FORM 8-K,AAPL,0000320193
0001181431-08-050059,2008-08-26,2008-08-20,2008-08-26T08:48:09.000Z,34,8-K,000-10030,081037925,5.03,108170,0,0,rrd216364.htm,FORM 8-K; AMENDED BYLAWS,AAPL,0000320193
0001193125-08-156421,2008-07-23,2008-06-28,2008-07-23T17:27:26.000Z,34,10-Q,000-10030,08966486,,615871,0,0,d10q.htm,FORM 10-Q,AAPL,0000320193
0001193125-08-154381,2008-07-21,2008-07-21,2008-07-21T16:30:28.000Z,34,8-K,000-10030,08961515,"2.02,9.01",172066,0,0,d8k.htm,FORM 8-K,AAPL,0000320193
0001181431-08-037620,2008-06-09,2008-06-09,2008-06-09T14:52:17.000Z,34,8-K,000-10030,08887895,8.01,12436,0,0,rrd210213.htm,,AAPL,0000320193
0001193125-08-097759,2008-05-01,2008-03-29,2008-05-01T06:01:43.000Z,34,10-Q,000-10030,08791791,,634504,0,0,d10q.htm,FORM 10-Q,AAPL,0000320193
0001193125-08-088001,2008-04-23,2008-04-23,2008-04-23T16:30:05.000Z,34,8-K,000-10030,08772114,"2.02,9.01",176871,0,0,d8k.htm,FORM 8-K,AAPL,0000320193
0001193125-08-017426,2008-02-01,2007-12-29,2008-02-01T06:06:51.000Z,34,10-Q,000-10030,08566001,,710420,0,0,d10q.htm,FORM 10-Q,AAPL,0000320193
0001193125-08-009715,2008-01-22,2008-01-22,2008-01-22T16:28:50.000Z,34,8-K,000-10030,08542176,"2.02,9.01",152576,0,0,d8k.htm,FORM 8-K,AAPL,0000320193
0001181431-08-003342,2008-01-15,2008-01-15,2008-01-15T12:30:32.000Z,34,8-K,000-10030,08530508,"2.02,8.01",11953,0,0,rrd190089.htm,,AAPL,0000320193
0001181431-08-002372,2008-01-08,2008-01-04,2008-01-08T17:26:36.000Z,34,8-K,000-10030,08518542,5.02,13655,0,0,rrd188197.htm,,AAPL,0000320193
0001047469-07-009340,2007-11-15,2007-09-29,2007-11-15T16:49:37.000Z,34,10-K,000-10030,071250316,,1178091,0,0,a2181030z10-k.htm,10-K,AAPL,0000320193
0001104659-07-076142,2007-10-22,2007-10-22,2007-10-22T16:29:16.000Z,34,8-K,000-10030,071183410,"2.02,9.01",356570,0,0,a07-27164_18k.htm,8-K,AAPL,0000320193
0001104659-07-059873,2007-08-08,2007-06-30,2007-08-07T21:51:56.000Z,34,10-Q,000-10030,071033384,,1299601,0,0,a07-19295_110q.htm,10-Q,AAPL,0000320193
0001104659-07-056111,2007-07-25,2007-07-25,2007-07-25T16:29:26.000Z,34,8-K,000-10030,07999637,"2.02,9.01",334085,0,0,a07-20193_18k.htm,8-K,AAPL,0000320193
0001104659-07-040672,2007-05-16,2007-05-10,2007-05-16T17:03:41.000Z,34,8-K,000-10030,07858557,"5.02,9.01",233729,0,0,a07-14288_18k.htm,8-K,AAPL,0000320193
0001104659-07-037745,2007-05-10,2007-03-31,2007-05-09T21:38:58.000Z,34,10-Q,000-10030,07834385,,1317107,0,0,a07-13266_110q.htm,10-Q,AAPL,0000320193
0001104659-07-031354,2007-04-25,2007-04-25,2007-04-25T16:29:09.000Z,34,8-K,000-10030,07787960,"2.02,9.01",302764,0,0,a07-12261_28k.htm,8-K,AAPL,0000320193
0001104659-07-030938,2007-04-24,2007-04-24,2007-04-24T17:08:04.000Z,34,8-K,000-10030,07785189,"8.01,9.01",38494,0,0,a07-12261_18k.htm,8-K,AAPL,0000320193
0001104659-07-012760,2007-02-21,2007-02-14,2007-02-21T17:07:23.000Z,34,8-K,000-10030,07639537,"5.03,9.01",282267,0,0,a07-5119_18k.htm,8-K,AAPL,0000320193
0001104659-07-006648,2007-02-02,2006-12-30,2007-02-02T06:23:10.000Z,34,10-Q,000-10030,07574245,,1141395,0,0,a07-2749_110q.htm,10-Q,AAPL,0000320193
0001104659-07-002905,2007-01-17,2007-01-17,2007-01-17T16:29:20.000Z,34,8-K,000-10030,07535347,"2.02,9.01",271930,0,0,a07-1998_18k.htm,8-K,AAPL,0000320193
0001104659-07-001648,2007-01-10,2007-01-09,2007-01-09T21:13:08.000Z,34,8-K,000-10030,07521670,"5.03,9.01",33766,0,0,a07-1512_18k.htm,CURRENT REPORT OF MATERIAL EVENTS OR CORPORATE CHANGES,AAPL,0000320193
0001104659-06-084288,2006-12-29,2006-09-30,2006-12-29T06:05:58.000Z,34,10-K,000-10030,061304002,,4280524,0,0,a06-25759_210k.htm,ANNUAL REPORT PURSUANT TO SECTION 13 AND 15(D),AAPL,0000320193
0001104659-06-084286,2006-12-29,2006-07-01,2006-12-29T06:01:37.000Z,34,10-Q,000-10030,061303993,,1714502,0,0,a06-23473_110q.htm,QUARTERLY REPORT PURSUANT TO SECTIONS 13 OR 15(D),AAPL,0000320193
0001104659-06-069015,2006-10-27,2006-10-24,2006-10-26T21:43:01.000Z,34,8-K,000-10030,061167128,8.01,18706,0,0,a06-22818_18k.htm,CURRENT REPORT OF MATERIAL EVENTS OR CORPORATE CHANGES,AAPL,0000320193
0001104659-06-067275,2006-10-18,2006-10-18,2006-10-18T16:29:25.000Z,34,8-K,000-10030,061151154,"2.02,9.01",308586,0,0,a06-21448_18k.htm,CURRENT REPORT OF MATERIAL EVENTS OR CORPORATE CHANGES,AAPL,0000320193
0001104659-06-064935,2006-10-04,2006-09-30,2006-10-04T17:25:34.000Z,34,8-K,000-10030,061129214,"5.02,8.01,9.01",31356,0,0,a06-20744_18k.htm,CURRENT REPORT OF MATERIAL EVENTS OR CORPORATE CHANGES,AAPL,0000320193
0001104659-06-058808,2006-09-01,2006-08-29,2006-08-31T21:44:18.000Z,34,8-K,000-10030,061069766,"1.01,5.02,5.03,9.01",37818,0,0,a06-19081_18k.htm,CURRENT REPORT OF MATERIAL EVENTS OR CORPORATE CHANGES,AAPL,0000320193
0001104659-06-054118,2006-08-11,2006-08-11,2006-08-11T16:41:26.000Z,34,8-K,000-10030,061025584,"2.02,3.01,9.01",28764,0,0,a06-17928_18k.htm,CURRENT REPORT OF MATERIAL EVENTS OR CORPORATE CHANGES,AAPL,0000320193
0001104659-06-051302,2006-08-04,2006-08-03,2006-08-03T21:52:48.000Z,34,8-K,000-10030,061003657,"2.02,4.02,9.01",31216,0,0,a06-17414_18k.htm,CURRENT REPORT OF MATERIAL EVENTS OR CORPORATE CHANGES,AAPL,0000320193
0001104659-06-047739,2006-07-19,2006-07-19,2006-07-19T16:29:23.000Z,34,8-K,000-10030,06969672,"2.02,9.01",524011,0,0,a06-16344_18k.htm,CURRENT REPORT OF MATERIAL EVENTS OR CORPORATE CHANGES,AAPL,0000320193
0001104659-06-031303,2006-05-05,2006-04-01,2006-05-04T20:26:47.000Z,34,10-Q,000-10030,06810345,,1543637,0,0,a06-10806_110q.htm,QUARTERLY REPORT PURSUANT TO SECTIONS 13 OR 15(D),AAPL,0000320193
0001181431-06-024759,2006-04-21,2006-04-17,2006-04-21T16:40:55.000Z,34,8-K,000-10030,06773072,1.01,11972,0,0,rrd114919.htm,,AAPL,0000320193
0001104659-06-025992,2006-04-19,2006-04-19,2006-04-19T16:29:16.000Z,34,8-K,000-10030,06767561,"2.02,9.01",500482,0,0,a06-10013_18k.htm,CURRENT REPORT OF MATERIAL EVENTS OR CORPORATE CHANGES,AAPL,0000320193
0001104659-06-005910,2006-02-03,2005-12-31,2006-02-03T16:20:30.000Z,34,10-Q,000-10030,06578233,,1143683,0,0,a06-3798_110q.htm,QUARTERLY REPORT PURSUANT TO SECTIONS 13 OR 15(D),AAPL,0000320193
0001104659-06-002690,2006-01-18,2006-01-18,2006-01-18T16:28:38.000Z,34,8-K,000-10030,06535871,"2.02,9.01",394950,0,0,a06-2799_18k.htm,CURRENT REPORT OF MATERIAL EVENTS OR CORPORATE CHANGES,AAPL,0000320193
0001104659-06-001428,2006-01-10,2006-01-10,2006-01-10T12:11:22.000Z,34,8-K,000-10030,06521464,2.02,19636,0,0,a06-1318_18k.htm,CURRENT REPORT OF MATERIAL EVENTS OR CORPORATE CHANGES,AAPL,0000320193
0001181431-05-067468,2005-12-19,2005-12-14,2005-12-16T20:09:40.000Z,34,8-K,000-10030,051271072,1.01,13194,0,0,rrd100228.htm,PERFORMANCE BONUS PLAN,AAPL,0000320193
0001104659-05-058421,2005-12-01,2005-09-24,2005-11-30T21:22:48.000Z,34,10-K,000-10030,051235812,,3185770,0,0,a05-20674_110k.htm,ANNUAL REPORT PURSUANT TO SECTION 13 AND 15(D),AAPL,0000320193
0001181431-05-056604,2005-10-14,2005-10-14,2005-10-14T16:49:24.000Z,34,8-K,000-10030,051139329,5.02,18160,0,0,rrd94436.htm,,AAPL,0000320193
0001104659-05-048094,2005-10-11,2005-10-11,2005-10-11T16:28:09.000Z,34,8-K,000-10030,051133003,"2.02,9.01",489755,0,0,a05-17462_18k.htm,8-K,AAPL,0000320193
0001181431-05-049163,2005-08-26,2005-08-22,2005-08-26T16:59:43.000Z,34,8-K,000-10030,051052605,1.01,11677,0,0,rrd90647.htm,,AAPL,0000320193
0001181431-05-046871,2005-08-15,2005-08-09,2005-08-15T17:00:19.000Z,34,8-K,000-10030,051027612,1.01,17408,0,0,rrd89343.htm,NET SHARE SETTLEMENT,AAPL,0000320193
0001104659-05-035792,2005-08-03,2005-06-25,2005-08-02T20:15:08.000Z,34,10-Q,000-10030,05993572,,1460540,0,0,a05-12535_110q.htm,10-Q,AAPL,0000320193
0001104659-05-032297,2005-07-13,2005-07-13,2005-07-13T16:28:45.000Z,34,8-K,000-10030,05952604,"2.02,9.01",452880,0,0,a05-12150_18k.htm,8-K,AAPL,0000320193
0001181431-05-033177,2005-06-06,2005-06-06,2005-06-06T13:25:04.000Z,34,8-K,000-10030,05879999,8.01,20081,0,0,rrd81625.htm,,AAPL,0000320193
0001104659-05-020421,2005-05-04,2005-03-26,2005-05-04T17:14:56.000Z,34,10-Q,000-10030,05800158,,1710743,0,0,a05-7551_110q.htm,10-Q,AAPL,0000320193
0001181431-05-023450,2005-04-26,2005-04-21,2005-04-25T18:48:38.000Z,34,8-K,000-10030,05771263,1.01,16893,0,0,rrd76564.htm,PERFORMANCE BONUS PLAN,AAPL,0000320193
0001104659-05-016307,2005-04-13,2005-04-13,2005-04-13T16:28:53.000Z,34,8-K,000-10030,05748601,"2.02,9.01",461178,0,0,a05-6665_18k.htm,8-K,AAPL,0000320193
0001181431-05-013840,2005-03-02,2005-02-25,2005-03-02T17:04:51.000Z,34,8-K,000-10030,05655071,"3.03,5.03",12036,0,0,rrd71045.htm,,AAPL,0000320193
0001104659-05-005507,2005-02-11,2005-02-11,2005-02-11T09:00:56.000Z,34,8-K,000-10030,05595117,8.01,19013,0,0,a05-3350_18k.htm,8-K,AAPL,0000320193
0001104659-05-003520,2005-02-01,2004-12-25,2005-02-01T17:25:52.000Z,34,10-Q,000-10030,05566739,,1123271,0,0,a05-2329_110q.htm,10-Q,AAPL,0000320193
0001104659-05-001183,2005-01-12,2005-01-12,2005-01-12T16:26:42.000Z,34,8-K,000-10030,05526102,"2.02,9.01",265195,0,0,a05-1308_28k.htm,8-K,AAPL,0000320193
0001104659-05-001049,2005-01-11,2005-01-11,2005-01-11T13:39:42.000Z,34,8-K,000-10030,05522973,2.02,20333,0,0,a05-1308_18k.htm,8-K,AAPL,0000320193
0001047469-04-035975,2004-12-03,2004-09-25,2004-12-02T18:05:49.000Z,34,10-K,000-10030,041181605,,966203,0,0,a2147337z10-k.htm,10-K,AAPL,0000320193
0001104659-04-030400,2004-10-13,2004-10-13,2004-10-13T16:31:13.000Z,34,8-K,000-10030,041077241,"2.02,9.01",514532,0,0,a04-11506_18k.htm,8-K,AAPL,0000320193
0001104659-04-022384,2004-08-05,2004-06-26,2004-08-04T20:48:51.000Z,,10-Q,000-10030,04952973,,1647164,0,0,a04-8198_110q.htm,10-Q,AAPL,0000320193
0001104659-04-019574,2004-07-14,2004-07-14,2004-07-14T16:29:34.000Z,,8-K,000-10030,04914106,"12,7",464337,0,0,a04-7804_18k.htm,8-K,AAPL,0000320193
0001104659-04-013021,2004-05-06,2004-03-27,2004-05-06T17:26:09.000Z,,10-Q,000-10030,04786157,,1454365,0,0,a04-5089_110q.htm,10-Q,AAPL,0000320193
0001104659-04-010122,2004-04-14,2004-04-14,2004-04-14T16:27:33.000Z,,8-K,000-10030,04733374,"12,7",452580,0,0,a04-4433_18k.htm,8-K,AAPL,0000320193
0001104659-04-003080,2004-02-10,2003-12-27,2004-02-09T19:57:13.000Z,,10-Q,000-10030,04579360,,1076939,0,0,a04-1622_110q.htm,10-Q,AAPL,0000320193
0001104659-04-000896,2004-01-14,2004-01-14,2004-01-14T16:30:52.000Z,,8-K,000-10030,04525208,"12,7",323011,0,0,a04-1254_38k.htm,8-K,AAPL,0000320193
0001047469-03-041604,2003-12-19,2003-09-27,2003-12-19T17:25:45.000Z,,10-K,000-10030,031066037,,2030692,0,0,a2124888z10-k.htm,10-K,AAPL,0000320193
0001104659-03-022879,2003-10-15,2003-10-15,2003-10-15T16:29:50.000Z,,8-K,000-10030,03942080,"12,7",491697,0,0,a03-4069_18k.htm,8-K,AAPL,0000320193
0001104659-03-017766,2003-08-12,2003-06-28,2003-08-12T16:09:14.000Z,,10-Q,000-10030,03837724,,1654089,0,0,a03-2128_110q.htm,10-Q,AAPL,0000320193
0001104659-03-014913,2003-07-16,2003-07-16,2003-07-16T16:04:06.000Z,,8-K,000-10030,03789493,"7,9",295857,0,0,a03-1126_18k.htm,8-K,AAPL,0000320193
0001104659-03-009489,2003-05-13,2003-03-29,2003-05-13T16:46:50.000Z,,10-Q,000-10030,03696075,,1663952,0,0,j0567_10q.htm,10-Q,AAPL,0000320193
0001047469-03-013617,2003-04-16,2003-04-16,2003-04-16T16:21:56.000Z,,8-K,000-10030,03652784,"7,9",93055,0,0,a2108651z8-k.htm,8-K,AAPL,0000320193
0001104659-03-004649,2003-03-21,2003-03-19,2003-03-20T19:36:01.000Z,,8-K,000-10030,03611221,"5,7",47973,0,0,j8673_8k.htm,8-K,AAPL,0000320193
0001047469-03-004566,2003-02-10,2002-12-28,2003-02-10T16:43:14.000Z,,10-Q,000-10030,03547782,,392967,0,0,a2102387z10-q.htm,10-Q,AAPL,0000320193
0001047469-02-007674,2002-12-19,2002-09-28,2002-12-19T17:20:21.000Z,,10-K,000-10030,02863602,,895268,0,0,a2096490z10-k.htm,10-K,AAPL,0000320193
0000912057-02-031595,2002-08-13,2002-08-08,2002-08-13T16:47:30.000Z,,8-K,000-10030,02730272,"5,7",20936,0,0,a2086495z8-k.htm,8-K,AAPL,0000320193
0000912057-02-030796,2002-08-09,2002-06-29,2002-08-09T16:52:48.000Z,,10-Q,000-10030,02725204,,488955,0,0,a2086025z10-q.htm,10-Q,AAPL,0000320193
0000912057-02-029692,2002-08-05,2002-08-01,2002-08-02T18:59:57.000Z,,8-K,000-10030,02718945,"5,7",72667,0,0,a2085918z8-k.htm,8-K,AAPL,0000320193
0000912057-02-020280,2002-05-14,2002-03-30,2002-05-14T17:08:24.000Z,,10-Q,000-10030,02647345,,343264,0,0,a2079853z10-q.htm,10-Q,AAPL,0000320193
